time,commands[0],commands[1],commands[2],commands[3],position.x,position.y,position.z,orient.x,orient.y,orient.z,orient.w,command_state_flag
1681856264.1351044,163,128,151,128,,,,,,,,0
1681856264.1368303,,,,,-0.2597283907005647,1.0186825494726972,1.1108866641732897,0.9896793343905127,0.03133736147161493,0.004503824532078255,-0.13975872216406812,1
1681856264.139331,164,128,151,128,,,,,,,,0
1681856264.143587,164,128,151,128,,,,,,,,0
1681856264.1478581,164,128,151,128,,,,,,,,0
1681856264.1520123,164,128,151,128,,,,,,,,0
1681856264.1565785,164,128,151,128,,,,,,,,0
1681856264.161207,164,128,151,128,,,,,,,,0
1681856264.1651943,164,128,151,128,,,,,,,,0
1681856264.1693356,164,128,151,128,,,,,,,,0
1681856264.1737885,163,128,151,128,,,,,,,,0
1681856264.1778798,163,128,151,128,,,,,,,,0
1681856264.1821356,164,128,151,128,,,,,,,,0
1681856264.1870646,164,128,151,128,,,,,,,,0
1681856264.1907918,164,128,151,128,,,,,,,,0
1681856264.1949263,163,128,150,128,,,,,,,,0
1681856264.199174,164,128,150,128,,,,,,,,0
1681856264.2033677,164,128,151,128,,,,,,,,0
1681856264.2079687,163,128,151,128,,,,,,,,0
1681856264.212138,164,128,150,128,,,,,,,,0
1681856264.216139,164,128,150,128,,,,,,,,0
1681856264.2205389,164,128,150,128,,,,,,,,0
1681856264.2256837,164,128,150,128,,,,,,,,0
1681856264.229344,164,128,151,128,,,,,,,,0
1681856264.2335272,164,128,150,128,,,,,,,,0
1681856264.2378535,163,128,150,128,,,,,,,,0
1681856264.242091,164,128,150,128,,,,,,,,0
1681856264.2466426,164,128,150,128,,,,,,,,0
1681856264.2504888,164,128,151,128,,,,,,,,0
1681856264.254869,163,128,150,128,,,,,,,,0
1681856264.2588859,163,128,151,128,,,,,,,,0
1681856264.2631319,164,128,151,128,,,,,,,,0
1681856264.2679222,164,128,151,128,,,,,,,,0
1681856264.2712567,,,,,-0.22226068825048598,0.9998373296172459,1.2373229403307238,0.9768803267281686,0.030956741778464445,-0.008163281072583966,-0.21137612975938894,1
1681856264.2718043,164,128,151,128,,,,,,,,0
1681856264.2762387,164,128,151,128,,,,,,,,0
1681856264.2804644,164,128,151,128,,,,,,,,0
1681856264.284678,164,128,151,128,,,,,,,,0
1681856264.2888129,164,128,151,128,,,,,,,,0
1681856264.2931163,164,128,151,128,,,,,,,,0
1681856264.2976816,164,128,151,128,,,,,,,,0
1681856264.3016384,164,128,151,128,,,,,,,,0
1681856264.3068328,164,128,151,128,,,,,,,,0
1681856264.310475,164,128,151,128,,,,,,,,0
1681856264.3148932,164,128,151,128,,,,,,,,0
1681856264.3190541,164,128,151,128,,,,,,,,0
1681856264.3236387,164,128,151,128,,,,,,,,0
1681856264.327779,164,128,151,128,,,,,,,,0
1681856264.3318262,164,128,151,128,,,,,,,,0
1681856264.3362646,164,128,151,128,,,,,,,,0
1681856264.3415506,164,128,150,128,,,,,,,,0
1681856264.3459992,164,128,151,128,,,,,,,,0
1681856264.3495948,164,128,151,128,,,,,,,,0
1681856264.3542852,164,128,151,128,,,,,,,,0
1681856264.3581903,164,128,150,128,,,,,,,,0
1681856264.362516,164,128,151,128,,,,,,,,0
1681856264.3637502,,,,,-0.2253704286929358,0.9891676745441534,1.2476472422568572,0.9758212324690165,0.03272591209254782,-0.0015470345849245058,-0.21610077191984636,1
1681856264.3667715,164,128,151,128,,,,,,,,0
1681856264.3714924,164,128,151,128,,,,,,,,0
1681856264.375655,164,128,150,128,,,,,,,,0
1681856264.379562,164,128,151,128,,,,,,,,0
1681856264.384015,164,128,151,128,,,,,,,,0
1681856264.388215,165,128,151,128,,,,,,,,0
1681856264.3933494,165,128,151,128,,,,,,,,0
1681856264.397391,166,128,151,128,,,,,,,,0
1681856264.400952,167,128,151,128,,,,,,,,0
1681856264.4056528,168,128,151,128,,,,,,,,0
1681856264.4099605,169,128,151,128,,,,,,,,0
1681856264.4138064,171,128,151,128,,,,,,,,0
1681856264.4179533,172,128,150,128,,,,,,,,0
1681856264.4221892,173,128,151,128,,,,,,,,0
1681856264.4267008,174,128,150,128,,,,,,,,0
1681856264.430684,175,128,150,128,,,,,,,,0
1681856264.4356363,177,128,151,128,,,,,,,,0
1681856264.4394019,178,128,150,128,,,,,,,,0
1681856264.4435835,179,128,151,128,,,,,,,,0
1681856264.4479287,181,128,151,128,,,,,,,,0
1681856264.45221,181,128,151,128,,,,,,,,0
1681856264.456922,182,128,150,128,,,,,,,,0
1681856264.4606614,182,128,151,128,,,,,,,,0
1681856264.4649518,184,128,151,128,,,,,,,,0
1681856264.4695194,184,128,151,128,,,,,,,,0
1681856264.4739494,184,128,151,128,,,,,,,,0
1681856264.478367,184,128,151,128,,,,,,,,0
1681856264.481614,185,128,151,128,,,,,,,,0
1681856264.4863017,185,128,151,128,,,,,,,,0
1681856264.486679,,,,,-0.2082215049605806,0.9801741365470991,1.2197548692173548,0.9763813647367737,0.020869830303560814,0.040724525389461315,-0.2111525368297976,1
1681856264.4906976,185,128,151,128,,,,,,,,0
1681856264.4946678,185,128,151,128,,,,,,,,0
1681856264.4990895,185,128,151,128,,,,,,,,0
1681856264.503452,186,128,151,128,,,,,,,,0
1681856264.5086157,186,128,151,128,,,,,,,,0
1681856264.5124252,186,128,151,128,,,,,,,,0
1681856264.5162413,186,128,151,128,,,,,,,,0
1681856264.5208902,186,128,151,128,,,,,,,,0
1681856264.5248098,186,128,151,128,,,,,,,,0
1681856264.528807,186,128,151,128,,,,,,,,0
1681856264.533035,186,128,151,128,,,,,,,,0
1681856264.5372705,186,128,151,128,,,,,,,,0
1681856264.54212,186,128,151,128,,,,,,,,0
1681856264.5463312,186,128,151,128,,,,,,,,0
1681856264.550327,186,128,151,128,,,,,,,,0
1681856264.5549493,186,128,151,128,,,,,,,,0
1681856264.5589373,187,128,151,128,,,,,,,,0
1681856264.5631673,187,128,151,128,,,,,,,,0
1681856264.567425,187,128,151,128,,,,,,,,0
1681856264.5714757,187,128,151,128,,,,,,,,0
1681856264.5755289,187,128,151,128,,,,,,,,0
1681856264.5797987,187,128,152,128,,,,,,,,0
1681856264.5842278,187,128,152,128,,,,,,,,0
1681856264.5881827,187,128,152,128,,,,,,,,0
1681856264.592822,187,128,153,128,,,,,,,,0
1681856264.597309,187,128,153,128,,,,,,,,0
1681856264.6015096,187,128,153,128,,,,,,,,0
1681856264.6070502,187,128,153,128,,,,,,,,0
1681856264.6094651,187,128,153,128,,,,,,,,0
1681856264.6137667,187,128,154,128,,,,,,,,0
1681856264.6189904,187,128,153,128,,,,,,,,0
1681856264.6190524,,,,,,,,,,,,2
1681856264.623052,187,128,153,128,,,,,,,,0
1681856264.6274776,187,128,153,128,,,,,,,,0
1681856264.631465,188,128,153,128,,,,,,,,0
1681856264.6361842,188,128,153,128,,,,,,,,0
1681856264.640303,189,128,153,128,,,,,,,,0
1681856264.6447039,189,128,153,128,,,,,,,,0
1681856264.6489356,190,128,153,128,,,,,,,,0
1681856264.6531398,191,128,153,128,,,,,,,,0
1681856264.6575527,192,128,153,128,,,,,,,,0
1681856264.6615586,192,128,153,128,,,,,,,,0
1681856264.6656609,193,128,153,128,,,,,,,,0
1681856264.6702461,194,128,153,128,,,,,,,,0
1681856264.6745675,194,128,153,128,,,,,,,,0
1681856264.6786392,195,128,153,128,,,,,,,,0
1681856264.683227,196,128,153,128,,,,,,,,0
1681856264.687651,196,128,153,128,,,,,,,,0
1681856264.6917083,197,128,153,128,,,,,,,,0
1681856264.6956031,198,128,153,128,,,,,,,,0
1681856264.6999648,198,128,153,128,,,,,,,,0
1681856264.7046616,200,128,153,128,,,,,,,,0
1681856264.7085056,201,128,153,128,,,,,,,,0
1681856264.7128088,201,128,153,128,,,,,,,,0
1681856264.716998,202,128,153,128,,,,,,,,0
1681856264.7215242,202,128,153,128,,,,,,,,0
1681856264.7259414,203,128,153,128,,,,,,,,0
1681856264.7296565,203,128,153,128,,,,,,,,0
1681856264.7339022,203,128,153,128,,,,,,,,0
1681856264.738642,204,128,153,128,,,,,,,,0
1681856264.7423456,204,128,153,128,,,,,,,,0
1681856264.7469115,204,128,153,128,,,,,,,,0
1681856264.7503765,204,128,153,128,,,,,,,,0
1681856264.7559168,205,128,153,128,,,,,,,,0
1681856264.7583325,,,,,,,,,,,,2
1681856264.7585797,205,128,153,128,,,,,,,,0
1681856264.7637372,205,128,153,128,,,,,,,,0
1681856264.7681034,205,128,153,128,,,,,,,,0
1681856264.7716584,205,128,153,128,,,,,,,,0
1681856264.7757323,205,128,153,128,,,,,,,,0
1681856264.7796054,206,128,154,128,,,,,,,,0
1681856264.7848275,206,128,154,128,,,,,,,,0
1681856264.788304,206,128,153,128,,,,,,,,0
1681856264.7920854,206,128,153,128,,,,,,,,0
1681856264.7962582,206,128,154,128,,,,,,,,0
1681856264.8006105,206,128,154,128,,,,,,,,0
1681856264.8051212,206,128,154,128,,,,,,,,0
1681856264.8095207,206,128,153,128,,,,,,,,0
1681856264.8130867,207,128,153,128,,,,,,,,0
1681856264.8172932,207,128,153,128,,,,,,,,0
1681856264.821643,207,128,154,128,,,,,,,,0
1681856264.8261292,207,128,154,128,,,,,,,,0
1681856264.8299594,207,128,153,128,,,,,,,,0
1681856264.8340034,207,128,154,128,,,,,,,,0
1681856264.8382366,207,128,153,128,,,,,,,,0
1681856264.8428214,207,128,154,128,,,,,,,,0
1681856264.846644,207,128,153,128,,,,,,,,0
1681856264.85089,207,128,153,128,,,,,,,,0
1681856264.8551555,207,128,153,128,,,,,,,,0
1681856264.859054,207,128,154,128,,,,,,,,0
1681856264.8632135,207,128,154,128,,,,,,,,0
1681856264.867363,207,128,154,128,,,,,,,,0
1681856264.871884,207,128,154,128,,,,,,,,0
1681856264.8762164,207,128,154,128,,,,,,,,0
1681856264.880677,207,128,154,128,,,,,,,,0
1681856264.8850164,207,128,154,128,,,,,,,,0
1681856264.8913746,207,128,154,128,,,,,,,,0
1681856264.8929865,207,128,155,128,,,,,,,,0
1681856264.8995795,207,128,155,128,,,,,,,,0
1681856264.9011934,207,128,155,128,,,,,,,,0
1681856264.9093597,207,128,157,128,,,,,,,,0
1681856264.9094596,207,128,157,128,,,,,,,,0
1681856264.9103541,,,,,,,,,,,,2
1681856264.9139078,207,128,157,128,,,,,,,,0
1681856264.9182088,207,128,158,128,,,,,,,,0
1681856264.9233117,207,128,158,128,,,,,,,,0
1681856264.9268713,207,128,158,128,,,,,,,,0
1681856264.9310899,207,128,158,128,,,,,,,,0
1681856264.9362211,207,128,159,128,,,,,,,,0
1681856264.9404447,207,128,159,128,,,,,,,,0
1681856264.9439433,207,128,159,128,,,,,,,,0
1681856264.948431,207,128,159,128,,,,,,,,0
1681856264.9526427,207,128,160,128,,,,,,,,0
1681856264.957042,207,128,160,128,,,,,,,,0
1681856264.9609575,207,128,160,128,,,,,,,,0
1681856264.9652915,207,128,160,128,,,,,,,,0
1681856264.9696288,207,128,160,128,,,,,,,,0
1681856264.9744205,207,128,160,128,,,,,,,,0
1681856264.9781084,207,128,160,128,,,,,,,,0
1681856264.9823785,208,128,160,128,,,,,,,,0
1681856264.9868503,208,128,161,128,,,,,,,,0
1681856264.9911213,208,128,161,128,,,,,,,,0
1681856264.9953601,208,128,161,128,,,,,,,,0
1681856264.9996903,208,128,161,128,,,,,,,,0
1681856265.0041685,208,128,161,128,,,,,,,,0
1681856265.008119,208,128,161,128,,,,,,,,0
1681856265.0119436,,,,,,,,,,,,2
1681856265.012349,208,128,161,128,,,,,,,,0
1681856265.0171175,209,128,161,128,,,,,,,,0
1681856265.0214016,209,128,161,128,,,,,,,,0
1681856265.0255332,209,128,161,128,,,,,,,,0
1681856265.0299575,209,128,161,128,,,,,,,,0
1681856265.0344994,209,128,161,128,,,,,,,,0
1681856265.0390716,210,128,161,128,,,,,,,,0
1681856265.0431159,210,128,161,128,,,,,,,,0
1681856265.047186,210,128,161,128,,,,,,,,0
1681856265.0515568,210,128,161,128,,,,,,,,0
1681856265.0571136,211,128,161,128,,,,,,,,0
1681856265.0601177,211,128,161,128,,,,,,,,0
1681856265.0658138,211,128,161,128,,,,,,,,0
1681856265.069042,212,128,161,128,,,,,,,,0
1681856265.0734663,213,128,161,128,,,,,,,,0
1681856265.077478,215,128,161,128,,,,,,,,0
1681856265.0815775,216,128,161,128,,,,,,,,0
1681856265.0857103,217,128,161,128,,,,,,,,0
1681856265.0901363,218,128,161,128,,,,,,,,0
1681856265.094144,219,128,161,128,,,,,,,,0
1681856265.09864,219,128,162,128,,,,,,,,0
1681856265.1023293,220,128,162,128,,,,,,,,0
1681856265.1066518,221,128,162,128,,,,,,,,0
1681856265.1107793,221,128,162,128,,,,,,,,0
1681856265.114862,222,128,162,128,,,,,,,,0
1681856265.119111,222,128,162,128,,,,,,,,0
1681856265.1239915,222,128,162,128,,,,,,,,0
1681856265.1276565,223,128,162,128,,,,,,,,0
1681856265.1316326,223,128,162,128,,,,,,,,0
1681856265.1353297,223,128,162,128,,,,,,,,0
1681856265.1406174,,,,,,,,,,,,2
1681856265.144578,223,128,162,128,,,,,,,,0
1681856265.1465306,224,128,162,128,,,,,,,,0
1681856265.1487472,224,128,162,128,,,,,,,,0
1681856265.1529224,225,128,162,128,,,,,,,,0
1681856265.1574898,225,128,162,128,,,,,,,,0
1681856265.161455,226,128,162,128,,,,,,,,0
1681856265.165643,227,128,162,128,,,,,,,,0
1681856265.1697917,229,128,162,128,,,,,,,,0
1681856265.1746402,230,128,162,128,,,,,,,,0
1681856265.178242,232,128,162,128,,,,,,,,0
1681856265.1822665,233,128,162,128,,,,,,,,0
1681856265.1867678,235,128,162,128,,,,,,,,0
1681856265.1908298,238,128,162,128,,,,,,,,0
1681856265.1949475,241,128,162,128,,,,,,,,0
1681856265.1992636,244,128,162,128,,,,,,,,0
1681856265.2032835,248,128,162,128,,,,,,,,0
1681856265.2076008,251,128,162,128,,,,,,,,0
1681856265.211776,252,128,162,128,,,,,,,,0
1681856265.2164154,252,128,162,128,,,,,,,,0
1681856265.2204084,252,128,162,128,,,,,,,,0
1681856265.2245686,252,128,162,128,,,,,,,,0
1681856265.2287152,252,128,162,128,,,,,,,,0
1681856265.232862,252,128,162,128,,,,,,,,0
1681856265.237163,252,128,162,128,,,,,,,,0
1681856265.2412012,252,128,162,128,,,,,,,,0
1681856265.2439756,,,,,,,,,,,,2
1681856265.2453954,252,128,162,128,,,,,,,,0
1681856265.249767,252,128,162,128,,,,,,,,0
1681856265.2542932,252,128,162,128,,,,,,,,0
1681856265.2588103,252,128,162,128,,,,,,,,0
1681856265.262557,252,128,162,128,,,,,,,,0
1681856265.2669027,252,128,162,128,,,,,,,,0
1681856265.2716131,252,128,162,128,,,,,,,,0
1681856265.2756386,252,128,162,128,,,,,,,,0
1681856265.2795804,252,128,162,128,,,,,,,,0
1681856265.2836213,252,128,162,128,,,,,,,,0
1681856265.288528,252,128,162,128,,,,,,,,0
1681856265.292598,252,128,162,128,,,,,,,,0
1681856265.2971098,252,128,162,128,,,,,,,,0
1681856265.3007014,252,128,162,128,,,,,,,,0
1681856265.3051488,252,128,162,128,,,,,,,,0
1681856265.309126,252,128,162,128,,,,,,,,0
1681856265.3133602,252,128,162,128,,,,,,,,0
1681856265.317437,252,128,162,128,,,,,,,,0
1681856265.3217494,252,128,162,128,,,,,,,,0
1681856265.3258367,252,128,162,128,,,,,,,,0
1681856265.329969,252,128,162,128,,,,,,,,0
1681856265.3342505,252,128,162,128,,,,,,,,0
1681856265.3385875,252,128,162,128,,,,,,,,0
1681856265.342648,252,128,162,128,,,,,,,,0
1681856265.346826,252,128,162,128,,,,,,,,0
1681856265.352526,252,128,162,128,,,,,,,,0
1681856265.3562784,252,128,162,128,,,,,,,,0
1681856265.3586698,,,,,,,,,,,,2
1681856265.3595157,252,128,162,128,,,,,,,,0
1681856265.3639028,252,128,162,128,,,,,,,,0
1681856265.3678837,252,128,162,128,,,,,,,,0
1681856265.372427,252,128,162,128,,,,,,,,0
1681856265.3764715,252,128,162,128,,,,,,,,0
1681856265.3806334,252,128,162,128,,,,,,,,0
1681856265.3849235,252,128,162,128,,,,,,,,0
1681856265.3894167,252,128,162,128,,,,,,,,0
1681856265.3933764,252,128,162,128,,,,,,,,0
1681856265.3973942,252,128,162,128,,,,,,,,0
1681856265.401585,252,128,162,128,,,,,,,,0
1681856265.4065447,252,128,162,128,,,,,,,,0
1681856265.4100313,252,128,162,128,,,,,,,,0
1681856265.414258,252,128,162,128,,,,,,,,0
1681856265.4185658,252,128,162,128,,,,,,,,0
1681856265.4228985,252,128,162,128,,,,,,,,0
1681856265.4273798,252,128,162,128,,,,,,,,0
1681856265.4313426,252,128,162,128,,,,,,,,0
1681856265.4355683,252,128,162,128,,,,,,,,0
1681856265.4396412,252,128,162,128,,,,,,,,0
1681856265.4425192,,,,,-0.05263145601074677,0.7112848364270592,1.551140185549076,0.980100454583313,0.03905928863126372,0.012204375989331514,-0.19423831780550913,1
1681856265.4437504,252,128,162,128,,,,,,,,0
1681856265.4482176,252,128,162,128,,,,,,,,0
1681856265.4525464,252,128,162,128,,,,,,,,0
1681856265.457303,252,128,162,128,,,,,,,,0
1681856265.4612365,252,128,162,128,,,,,,,,0
1681856265.4649649,252,128,162,128,,,,,,,,0
1681856265.469839,252,128,162,128,,,,,,,,0
1681856265.473998,252,128,162,128,,,,,,,,0
1681856265.4778519,252,128,162,128,,,,,,,,0
1681856265.4821181,252,128,162,128,,,,,,,,0
1681856265.4863842,252,128,162,128,,,,,,,,0
1681856265.4908028,252,128,162,128,,,,,,,,0
1681856265.4948127,252,128,162,128,,,,,,,,0
1681856265.4990766,252,128,162,128,,,,,,,,0
1681856265.5033784,252,128,162,128,,,,,,,,0
1681856265.508139,252,128,162,128,,,,,,,,0
1681856265.5125728,252,128,162,128,,,,,,,,0
1681856265.5165412,252,128,162,128,,,,,,,,0
1681856265.521063,252,128,162,128,,,,,,,,0
1681856265.5249226,252,128,162,128,,,,,,,,0
1681856265.5294073,,,,,0.021945523519081234,0.6855872192601379,1.9187079385933725,0.9779871793592569,0.011691036228314813,-0.02671365808209638,-0.20661746574940287,1
1681856265.5294454,252,128,162,128,,,,,,,,0
1681856265.5337772,252,128,162,128,,,,,,,,0
1681856265.5381563,252,128,162,128,,,,,,,,0
1681856265.5420744,252,128,162,128,,,,,,,,0
1681856265.5468812,252,128,162,128,,,,,,,,0
1681856265.5514297,252,128,162,128,,,,,,,,0
1681856265.555865,252,128,162,128,,,,,,,,0
1681856265.5599008,252,128,162,128,,,,,,,,0
1681856265.563696,252,128,162,128,,,,,,,,0
1681856265.5678816,252,128,162,128,,,,,,,,0
1681856265.57224,252,128,162,128,,,,,,,,0
1681856265.576525,252,128,162,128,,,,,,,,0
1681856265.5805893,252,128,162,128,,,,,,,,0
1681856265.585886,252,128,162,128,,,,,,,,0
1681856265.5893574,252,128,162,128,,,,,,,,0
1681856265.593381,252,128,162,128,,,,,,,,0
1681856265.5975916,252,128,162,128,,,,,,,,0
1681856265.6015146,252,128,162,128,,,,,,,,0
1681856265.606053,252,128,162,128,,,,,,,,0
1681856265.610038,252,128,162,128,,,,,,,,0
1681856265.6142037,252,128,162,128,,,,,,,,0
1681856265.6184912,252,128,162,128,,,,,,,,0
1681856265.6227949,252,128,162,128,,,,,,,,0
1681856265.6269617,252,128,162,128,,,,,,,,0
1681856265.6311283,252,128,162,128,,,,,,,,0
1681856265.635253,252,128,162,128,,,,,,,,0
1681856265.6372988,,,,,,,,,,,,2
1681856265.6406744,252,128,162,128,,,,,,,,0
1681856265.6443646,252,128,162,128,,,,,,,,0
1681856265.6487448,252,128,162,128,,,,,,,,0
1681856265.65299,252,128,162,128,,,,,,,,0
1681856265.6576605,252,128,162,128,,,,,,,,0
1681856265.6618218,252,128,162,128,,,,,,,,0
1681856265.6660874,252,128,162,128,,,,,,,,0
1681856265.6702511,252,128,162,128,,,,,,,,0
1681856265.6746368,252,128,162,128,,,,,,,,0
1681856265.6786957,252,128,162,128,,,,,,,,0
1681856265.683634,252,128,162,128,,,,,,,,0
1681856265.687481,252,128,162,128,,,,,,,,0
1681856265.6917613,252,128,162,128,,,,,,,,0
1681856265.6957545,252,128,162,128,,,,,,,,0
1681856265.7001956,252,128,162,128,,,,,,,,0
1681856265.7048028,252,129,162,128,,,,,,,,0
1681856265.7088344,252,129,162,128,,,,,,,,0
1681856265.71299,252,129,162,128,,,,,,,,0
1681856265.7176065,252,130,162,128,,,,,,,,0
1681856265.7220526,252,130,162,128,,,,,,,,0
1681856265.7254813,,,,,0.034977580746063115,0.6352786922998249,2.0623188401140435,0.9708280965914827,0.023351864997225514,0.009957609696056743,-0.23842890613105402,1
1681856265.7261872,252,130,162,128,,,,,,,,0
1681856265.730457,252,131,162,128,,,,,,,,0
1681856265.7343671,252,132,162,128,,,,,,,,0
1681856265.7386103,252,132,162,128,,,,,,,,0
1681856265.7429602,252,132,162,128,,,,,,,,0
1681856265.74687,252,132,162,128,,,,,,,,0
1681856265.750889,252,132,162,128,,,,,,,,0
1681856265.7554898,252,133,162,128,,,,,,,,0
1681856265.7599685,252,133,162,128,,,,,,,,0
1681856265.76358,252,133,162,128,,,,,,,,0
1681856265.7674677,252,133,162,128,,,,,,,,0
1681856265.7718596,252,133,162,128,,,,,,,,0
1681856265.776216,252,133,162,128,,,,,,,,0
1681856265.780288,252,134,162,128,,,,,,,,0
1681856265.7842474,252,134,162,128,,,,,,,,0
1681856265.7888906,252,134,162,128,,,,,,,,0
1681856265.7931187,252,135,162,128,,,,,,,,0
1681856265.797397,252,135,162,128,,,,,,,,0
1681856265.801668,252,135,162,128,,,,,,,,0
1681856265.8061345,252,135,162,128,,,,,,,,0
1681856265.8103406,252,135,162,128,,,,,,,,0
1681856265.8133094,,,,,,,,,,,,2
1681856265.814569,252,135,162,128,,,,,,,,0
1681856265.8188527,252,135,162,128,,,,,,,,0
1681856265.8233705,252,135,162,128,,,,,,,,0
1681856265.8276222,252,135,162,128,,,,,,,,0
1681856265.8320034,252,135,162,128,,,,,,,,0
1681856265.8362534,252,135,162,128,,,,,,,,0
1681856265.841632,252,135,162,128,,,,,,,,0
1681856265.8451257,252,135,162,128,,,,,,,,0
1681856265.8492024,252,135,162,128,,,,,,,,0
1681856265.853224,252,135,162,128,,,,,,,,0
1681856265.857745,252,135,162,128,,,,,,,,0
1681856265.8619637,252,135,162,128,,,,,,,,0
1681856265.8662114,252,135,162,128,,,,,,,,0
1681856265.8702288,252,135,162,128,,,,,,,,0
1681856265.8744624,252,135,162,128,,,,,,,,0
1681856265.8787317,252,136,162,128,,,,,,,,0
1681856265.8830092,252,136,162,128,,,,,,,,0
1681856265.8881521,252,136,162,128,,,,,,,,0
1681856265.8925562,252,136,162,128,,,,,,,,0
1681856265.8965,252,137,162,128,,,,,,,,0
1681856265.900755,252,137,162,128,,,,,,,,0
1681856265.9054255,252,137,162,128,,,,,,,,0
1681856265.9093912,252,137,162,128,,,,,,,,0
1681856265.9125035,,,,,0.04877213214405063,0.6018776109604786,2.230865527237104,0.9794371330066645,0.03703495583640739,0.02005075942719472,-0.19730504702179766,1
1681856265.9137986,252,137,162,128,,,,,,,,0
1681856265.918081,252,137,162,128,,,,,,,,0
1681856265.9222648,252,137,162,128,,,,,,,,0
1681856265.9271722,252,137,162,128,,,,,,,,0
1681856265.931224,252,137,162,128,,,,,,,,0
1681856265.9359958,252,137,162,128,,,,,,,,0
1681856265.9398272,252,137,162,128,,,,,,,,0
1681856265.9435914,252,138,162,128,,,,,,,,0
1681856265.947878,252,138,162,128,,,,,,,,0
1681856265.9519868,252,138,162,128,,,,,,,,0
1681856265.956407,252,138,162,128,,,,,,,,0
1681856265.960475,252,138,162,128,,,,,,,,0
1681856265.9653206,252,138,162,128,,,,,,,,0
1681856265.9693804,252,138,162,128,,,,,,,,0
1681856265.973495,252,138,162,128,,,,,,,,0
1681856265.977369,252,138,162,128,,,,,,,,0
1681856265.9813535,252,138,162,128,,,,,,,,0
1681856265.9854617,252,139,162,128,,,,,,,,0
1681856265.9899404,252,139,162,128,,,,,,,,0
1681856265.9937935,252,139,162,128,,,,,,,,0
1681856265.998018,252,141,162,128,,,,,,,,0
1681856266.0020275,252,141,162,128,,,,,,,,0
1681856266.0072773,252,141,162,128,,,,,,,,0
1681856266.0105126,252,142,162,128,,,,,,,,0
1681856266.0145578,252,144,162,128,,,,,,,,0
1681856266.018563,252,144,162,128,,,,,,,,0
1681856266.023062,252,145,162,128,,,,,,,,0
1681856266.0257738,,,,,0.0810799126159289,0.6000829374122,2.276710989023687,0.9825706098595008,0.04179418339917303,0.019245646181087074,-0.1801051025856771,1
1681856266.0273588,252,145,162,128,,,,,,,,0
1681856266.0316677,252,146,161,128,,,,,,,,0
1681856266.0357602,252,146,161,128,,,,,,,,0
1681856266.04073,252,146,161,128,,,,,,,,0
1681856266.044124,252,146,161,128,,,,,,,,0
1681856266.0488286,252,146,161,128,,,,,,,,0
1681856266.0526485,252,146,161,128,,,,,,,,0
1681856266.0582623,252,146,161,128,,,,,,,,0
1681856266.061079,252,146,161,128,,,,,,,,0
1681856266.0653794,252,146,161,128,,,,,,,,0
1681856266.0691724,252,146,161,128,,,,,,,,0
1681856266.0739393,252,146,161,128,,,,,,,,0
1681856266.0777295,252,146,161,128,,,,,,,,0
1681856266.0817337,252,146,161,128,,,,,,,,0
1681856266.0861568,252,146,161,128,,,,,,,,0
1681856266.091034,252,146,161,128,,,,,,,,0
1681856266.0952547,252,146,161,128,,,,,,,,0
1681856266.098753,252,146,161,128,,,,,,,,0
1681856266.1029747,252,146,161,128,,,,,,,,0
1681856266.1075633,252,146,161,128,,,,,,,,0
1681856266.1115103,252,146,161,128,,,,,,,,0
1681856266.1156616,252,146,161,128,,,,,,,,0
1681856266.1199498,252,146,161,128,,,,,,,,0
1681856266.12411,252,146,161,128,,,,,,,,0
1681856266.1284359,252,146,161,128,,,,,,,,0
1681856266.133451,252,146,161,128,,,,,,,,0
1681856266.1373372,252,146,161,128,,,,,,,,0
1681856266.1411595,252,146,161,128,,,,,,,,0
1681856266.1463053,252,146,161,128,,,,,,,,0
1681856266.1502051,252,146,161,128,,,,,,,,0
1681856266.1538656,252,146,161,128,,,,,,,,0
1681856266.158056,252,146,161,128,,,,,,,,0
1681856266.169344,252,146,161,128,,,,,,,,0
1681856266.1694157,252,146,161,128,,,,,,,,0
1681856266.1724873,252,146,161,128,,,,,,,,0
1681856266.1767015,252,146,161,128,,,,,,,,0
1681856266.1775064,,,,,0.13541422053520646,0.5833321776990494,2.2406596174248192,0.9797196986446303,0.0369971513104321,-0.00713252465612508,-0.196798500946063,1
1681856266.1800883,252,146,161,128,,,,,,,,0
1681856266.1843932,252,146,161,128,,,,,,,,0
1681856266.189077,252,146,161,128,,,,,,,,0
1681856266.1931012,252,146,161,128,,,,,,,,0
1681856266.197328,252,146,161,128,,,,,,,,0
1681856266.2015934,252,146,161,128,,,,,,,,0
1681856266.2059577,252,146,161,128,,,,,,,,0
1681856266.2099776,252,146,161,128,,,,,,,,0
1681856266.2144456,252,146,161,128,,,,,,,,0
1681856266.2190766,252,146,161,128,,,,,,,,0
1681856266.2231493,252,146,161,128,,,,,,,,0
1681856266.2272131,252,146,161,128,,,,,,,,0
1681856266.2316012,252,146,161,128,,,,,,,,0
1681856266.2357502,252,146,161,128,,,,,,,,0
1681856266.2403588,252,146,161,128,,,,,,,,0
1681856266.244417,252,146,161,128,,,,,,,,0
1681856266.2485309,252,146,161,128,,,,,,,,0
1681856266.2528207,252,146,161,128,,,,,,,,0
1681856266.2582178,252,146,161,128,,,,,,,,0
1681856266.2613535,252,146,161,128,,,,,,,,0
1681856266.2656276,252,146,161,128,,,,,,,,0
1681856266.2696095,252,146,161,128,,,,,,,,0
1681856266.2739882,252,146,161,128,,,,,,,,0
1681856266.278132,252,146,161,128,,,,,,,,0
1681856266.2823102,252,146,161,128,,,,,,,,0
1681856266.2862973,252,146,161,128,,,,,,,,0
1681856266.291001,252,146,161,128,,,,,,,,0
1681856266.294802,252,146,161,128,,,,,,,,0
1681856266.3002522,252,146,161,128,,,,,,,,0
1681856266.3031278,252,146,161,128,,,,,,,,0
1681856266.3073177,252,146,161,128,,,,,,,,0
1681856266.3104951,,,,,0.15325491594166768,0.595293915731565,2.1933739071868863,0.9799419674816532,0.03894383748642415,-0.06045305694552298,-0.1858562503548346,1
1681856266.3114173,252,146,161,128,,,,,,,,0
1681856266.3157678,252,146,161,128,,,,,,,,0
1681856266.319998,252,146,161,128,,,,,,,,0
1681856266.3243227,252,146,161,128,,,,,,,,0
1681856266.328494,252,146,161,128,,,,,,,,0
1681856266.3324885,252,146,161,128,,,,,,,,0
1681856266.3365753,252,146,161,128,,,,,,,,0
1681856266.3417206,252,146,161,128,,,,,,,,0
1681856266.3449328,252,146,161,128,,,,,,,,0
1681856266.3492517,252,146,161,128,,,,,,,,0
1681856266.3534858,252,146,161,128,,,,,,,,0
1681856266.3578284,252,146,161,128,,,,,,,,0
1681856266.3618429,252,146,161,128,,,,,,,,0
1681856266.3660882,252,146,161,128,,,,,,,,0
1681856266.3702142,252,146,161,128,,,,,,,,0
1681856266.3744822,252,146,161,128,,,,,,,,0
1681856266.378663,252,146,161,128,,,,,,,,0
1681856266.3831863,252,146,161,128,,,,,,,,0
1681856266.3869543,252,146,161,128,,,,,,,,0
1681856266.393264,252,146,161,128,,,,,,,,0
1681856266.3956568,,,,,,,,,,,,2
1681856266.3957183,252,146,161,128,,,,,,,,0
1681856266.3997302,252,146,161,128,,,,,,,,0
1681856266.4040534,252,146,161,128,,,,,,,,0
1681856266.4083233,252,146,161,128,,,,,,,,0
1681856266.4127278,252,146,162,128,,,,,,,,0
1681856266.416712,252,146,162,128,,,,,,,,0
1681856266.421123,252,145,162,128,,,,,,,,0
1681856266.4255586,252,145,162,128,,,,,,,,0
1681856266.429437,246,145,162,128,,,,,,,,0
1681856266.433772,242,145,162,128,,,,,,,,0
1681856266.4381158,240,145,162,128,,,,,,,,0
1681856266.4424095,238,144,162,128,,,,,,,,0
1681856266.4466298,236,144,162,128,,,,,,,,0
1681856266.450679,233,144,162,128,,,,,,,,0
1681856266.4552338,231,144,162,128,,,,,,,,0
1681856266.4593463,229,144,162,128,,,,,,,,0
1681856266.4638274,227,144,162,128,,,,,,,,0
1681856266.4680119,226,143,162,128,,,,,,,,0
1681856266.4722977,224,144,162,128,,,,,,,,0
1681856266.4768672,220,144,162,128,,,,,,,,0
1681856266.4780579,,,,,0.27145246470506773,0.6261943655459526,1.9283608871645244,0.9464702115941617,0.017633176778913566,0.2081383678387571,0.24609272535978138,1
1681856266.4808154,218,143,162,128,,,,,,,,0
1681856266.485157,217,143,162,128,,,,,,,,0
1681856266.4898038,217,143,162,128,,,,,,,,0
1681856266.494002,215,143,162,128,,,,,,,,0
1681856266.498197,214,143,162,128,,,,,,,,0
1681856266.5025444,213,144,162,128,,,,,,,,0
1681856266.5075588,212,143,162,128,,,,,,,,0
1681856266.510989,212,143,162,128,,,,,,,,0
1681856266.5154715,211,143,162,128,,,,,,,,0
1681856266.5194404,209,143,162,128,,,,,,,,0
1681856266.5238118,207,143,162,128,,,,,,,,0
1681856266.527928,207,143,162,128,,,,,,,,0
1681856266.5322518,206,143,162,128,,,,,,,,0
1681856266.5362222,204,143,162,128,,,,,,,,0
1681856266.5407,203,143,162,128,,,,,,,,0
1681856266.5452888,200,143,162,128,,,,,,,,0
1681856266.5495274,197,143,162,128,,,,,,,,0
1681856266.5546515,193,143,162,128,,,,,,,,0
1681856266.5575194,191,143,162,128,,,,,,,,0
1681856266.561683,189,143,162,128,,,,,,,,0
1681856266.562961,,,,,,,,,,,,2
1681856266.566165,187,143,162,128,,,,,,,,0
1681856266.5707104,184,143,162,128,,,,,,,,0
1681856266.5750237,180,143,162,128,,,,,,,,0
1681856266.5790777,177,143,162,128,,,,,,,,0
1681856266.5830681,172,143,162,128,,,,,,,,0
1681856266.588042,167,143,162,128,,,,,,,,0
1681856266.5916383,163,143,162,128,,,,,,,,0
1681856266.5957484,159,143,162,128,,,,,,,,0
1681856266.599923,157,143,162,128,,,,,,,,0
1681856266.6043665,153,143,162,128,,,,,,,,0
1681856266.6084332,151,143,162,128,,,,,,,,0
1681856266.6124775,150,143,162,128,,,,,,,,0
1681856266.6165938,150,143,162,128,,,,,,,,0
1681856266.620885,148,143,162,128,,,,,,,,0
1681856266.6256993,146,143,162,128,,,,,,,,0
1681856266.6296315,145,143,162,128,,,,,,,,0
1681856266.6338315,144,143,162,128,,,,,,,,0
1681856266.6377385,144,143,162,128,,,,,,,,0
1681856266.6427796,143,143,162,128,,,,,,,,0
1681856266.646459,143,142,162,128,,,,,,,,0
1681856266.6479523,,,,,,,,,,,,2
1681856266.65055,142,142,162,128,,,,,,,,0
1681856266.6550756,142,141,162,128,,,,,,,,0
1681856266.6595273,142,141,162,128,,,,,,,,0
1681856266.663336,142,141,162,128,,,,,,,,0
1681856266.6677625,141,139,162,128,,,,,,,,0
1681856266.6719947,141,139,162,128,,,,,,,,0
1681856266.6761262,141,138,163,128,,,,,,,,0
1681856266.6801546,141,137,163,128,,,,,,,,0
1681856266.6844568,142,137,163,128,,,,,,,,0
1681856266.6889515,142,137,163,128,,,,,,,,0
1681856266.6928663,144,137,163,128,,,,,,,,0
1681856266.697229,146,137,163,128,,,,,,,,0
1681856266.7014966,148,136,163,128,,,,,,,,0
1681856266.7058635,151,136,163,128,,,,,,,,0
1681856266.7099328,153,136,163,128,,,,,,,,0
1681856266.7150564,155,136,163,128,,,,,,,,0
1681856266.7186165,158,135,163,128,,,,,,,,0
1681856266.723107,161,134,163,128,,,,,,,,0
1681856266.7273448,164,133,163,128,,,,,,,,0
1681856266.7314045,167,133,163,128,,,,,,,,0
1681856266.7357273,170,133,163,128,,,,,,,,0
1681856266.7401755,173,132,163,128,,,,,,,,0
1681856266.7440531,175,132,163,128,,,,,,,,0
1681856266.7485073,177,131,163,128,,,,,,,,0
1681856266.7528431,178,130,163,128,,,,,,,,0
1681856266.7586343,180,129,163,128,,,,,,,,0
1681856266.7613175,180,129,163,128,,,,,,,,0
1681856266.7613747,,,,,0.34318228907468307,0.6425905665205458,2.189113679532527,0.9859480405104019,0.025964007213861245,0.003164748856437514,-0.16499186679280073,1
1681856266.7657137,181,129,163,128,,,,,,,,0
1681856266.7697947,181,129,163,128,,,,,,,,0
1681856266.7744393,181,129,163,128,,,,,,,,0
1681856266.7782798,181,129,163,128,,,,,,,,0
1681856266.783515,181,128,163,128,,,,,,,,0
1681856266.7879436,181,128,163,128,,,,,,,,0
1681856266.7922096,181,128,163,128,,,,,,,,0
1681856266.797961,181,128,163,128,,,,,,,,0
1681856266.801923,181,128,163,128,,,,,,,,0
1681856266.8061934,180,128,163,128,,,,,,,,0
1681856266.8105395,180,128,163,128,,,,,,,,0
1681856266.8145962,179,128,163,128,,,,,,,,0
1681856266.818823,178,128,163,128,,,,,,,,0
1681856266.823422,176,128,163,128,,,,,,,,0
1681856266.8275094,173,128,163,128,,,,,,,,0
1681856266.8316243,170,128,163,128,,,,,,,,0
1681856266.8362613,164,128,163,128,,,,,,,,0
1681856266.840866,162,128,163,128,,,,,,,,0
1681856266.8450596,162,128,163,128,,,,,,,,0
1681856266.849608,159,128,163,128,,,,,,,,0
1681856266.8537843,156,128,163,128,,,,,,,,0
1681856266.8579323,155,128,163,128,,,,,,,,0
1681856266.8622565,154,128,163,128,,,,,,,,0
1681856266.8665392,153,128,163,128,,,,,,,,0
1681856266.871219,153,128,163,128,,,,,,,,0
1681856266.874887,152,128,163,128,,,,,,,,0
1681856266.8787932,153,128,163,128,,,,,,,,0
1681856266.8834713,152,128,163,128,,,,,,,,0
1681856266.8903384,152,128,163,128,,,,,,,,0
1681856266.8917303,152,128,163,128,,,,,,,,0
1681856266.8955758,,,,,,,,,,,,2
1681856266.89634,152,128,163,128,,,,,,,,0
1681856266.9003446,152,128,163,128,,,,,,,,0
1681856266.9050252,152,128,163,128,,,,,,,,0
1681856266.9091272,153,128,163,128,,,,,,,,0
1681856266.9132102,153,128,163,128,,,,,,,,0
1681856266.9174256,153,128,163,128,,,,,,,,0
1681856266.9237945,154,128,163,128,,,,,,,,0
1681856266.9259589,154,128,163,128,,,,,,,,0
1681856266.9302897,155,128,163,128,,,,,,,,0
1681856266.934577,155,128,163,128,,,,,,,,0
1681856266.938954,157,128,163,128,,,,,,,,0
1681856266.9429195,158,128,163,128,,,,,,,,0
1681856266.946925,161,128,163,128,,,,,,,,0
1681856266.9511645,165,128,163,128,,,,,,,,0
1681856266.9553754,170,128,163,128,,,,,,,,0
1681856266.9599638,175,128,163,128,,,,,,,,0
1681856266.9637852,179,128,163,128,,,,,,,,0
1681856266.9681187,182,128,163,128,,,,,,,,0
1681856266.9723117,188,128,163,128,,,,,,,,0
1681856266.9765422,195,128,163,128,,,,,,,,0
1681856266.980782,199,128,163,128,,,,,,,,0
1681856266.9847763,203,128,163,128,,,,,,,,0
1681856266.989155,204,128,163,128,,,,,,,,0
1681856266.9931788,204,128,163,128,,,,,,,,0
1681856266.9972548,206,128,163,128,,,,,,,,0
1681856267.0016263,207,128,163,128,,,,,,,,0
1681856267.0066583,208,128,163,128,,,,,,,,0
1681856267.0123205,208,128,163,128,,,,,,,,0
1681856267.0157845,208,128,163,128,,,,,,,,0
1681856267.0181756,209,128,163,128,,,,,,,,0
1681856267.0188475,,,,,,,,,,,,2
1681856267.0225708,209,128,163,128,,,,,,,,0
1681856267.0270672,209,128,163,128,,,,,,,,0
1681856267.0309904,209,128,163,128,,,,,,,,0
1681856267.0352666,209,128,163,128,,,,,,,,0
1681856267.0397708,209,128,163,128,,,,,,,,0
1681856267.044371,209,128,163,128,,,,,,,,0
1681856267.047951,209,128,163,128,,,,,,,,0
1681856267.0521967,209,128,163,128,,,,,,,,0
1681856267.0565126,209,128,163,128,,,,,,,,0
1681856267.0606642,209,128,163,128,,,,,,,,0
1681856267.0650072,209,128,163,128,,,,,,,,0
1681856267.0689106,209,128,163,128,,,,,,,,0
1681856267.073899,209,128,163,128,,,,,,,,0
1681856267.0776587,208,128,163,128,,,,,,,,0
1681856267.081914,208,128,163,128,,,,,,,,0
1681856267.0863347,208,128,163,128,,,,,,,,0
1681856267.090767,207,128,163,128,,,,,,,,0
1681856267.0951426,207,128,163,128,,,,,,,,0
1681856267.0993662,206,128,163,128,,,,,,,,0
1681856267.1038551,205,128,163,128,,,,,,,,0
1681856267.1083622,205,128,163,128,,,,,,,,0
1681856267.112398,204,128,163,128,,,,,,,,0
1681856267.1168356,204,128,163,128,,,,,,,,0
1681856267.1208758,203,128,163,128,,,,,,,,0
1681856267.1314845,203,128,163,128,,,,,,,,0
1681856267.131515,203,128,163,128,,,,,,,,0
1681856267.1351166,202,128,163,128,,,,,,,,0
1681856267.1387455,202,128,163,128,,,,,,,,0
1681856267.1418521,,,,,,,,,,,,2
1681856267.1419303,201,128,163,128,,,,,,,,0
1681856267.1462533,201,128,163,128,,,,,,,,0
1681856267.1503901,200,128,163,128,,,,,,,,0
1681856267.154535,199,128,163,128,,,,,,,,0
1681856267.1588821,198,128,163,128,,,,,,,,0
1681856267.1629446,197,128,163,128,,,,,,,,0
1681856267.167115,196,128,163,128,,,,,,,,0
1681856267.1720648,195,128,163,128,,,,,,,,0
1681856267.1754189,194,128,163,128,,,,,,,,0
1681856267.1797154,193,128,163,128,,,,,,,,0
1681856267.1838098,192,128,163,128,,,,,,,,0
1681856267.1883333,190,128,163,128,,,,,,,,0
1681856267.1923444,190,128,163,128,,,,,,,,0
1681856267.1963143,190,128,163,128,,,,,,,,0
1681856267.2005239,190,128,163,128,,,,,,,,0
1681856267.2048297,190,128,163,128,,,,,,,,0
1681856267.209347,190,128,163,128,,,,,,,,0
1681856267.213312,190,128,163,128,,,,,,,,0
1681856267.2182724,189,128,163,128,,,,,,,,0
1681856267.2218418,190,128,163,128,,,,,,,,0
1681856267.2259235,189,128,163,128,,,,,,,,0
1681856267.2301283,190,128,163,128,,,,,,,,0
1681856267.2343528,189,128,163,128,,,,,,,,0
1681856267.2387927,190,128,163,128,,,,,,,,0
1681856267.2430575,190,128,163,128,,,,,,,,0
1681856267.2483287,189,128,163,128,,,,,,,,0
1681856267.25152,189,128,163,128,,,,,,,,0
1681856267.256598,189,128,163,128,,,,,,,,0
1681856267.2601197,189,128,163,128,,,,,,,,0
1681856267.264769,189,128,163,128,,,,,,,,0
1681856267.26789,189,128,163,128,,,,,,,,0
1681856267.2722352,188,128,163,128,,,,,,,,0
1681856267.2769086,188,128,163,128,,,,,,,,0
1681856267.2809172,188,128,163,128,,,,,,,,0
1681856267.2851963,187,128,163,128,,,,,,,,0
1681856267.2853167,,,,,,,,,,,,2
1681856267.2895155,187,128,163,128,,,,,,,,0
1681856267.2942042,186,128,163,128,,,,,,,,0
1681856267.2980285,185,128,163,128,,,,,,,,0
1681856267.3021767,185,128,163,128,,,,,,,,0
1681856267.3067117,183,128,163,128,,,,,,,,0
1681856267.3106928,181,128,163,128,,,,,,,,0
1681856267.3146799,179,128,163,128,,,,,,,,0
1681856267.319191,177,128,163,128,,,,,,,,0
1681856267.323701,173,128,163,128,,,,,,,,0
1681856267.327672,171,128,163,128,,,,,,,,0
1681856267.3323383,169,128,163,128,,,,,,,,0
1681856267.336476,164,128,163,128,,,,,,,,0
1681856267.3406527,162,128,163,128,,,,,,,,0
1681856267.3450508,162,128,163,128,,,,,,,,0
1681856267.3490863,160,128,163,128,,,,,,,,0
1681856267.353189,157,128,163,128,,,,,,,,0
1681856267.3577595,156,128,163,128,,,,,,,,0
1681856267.361615,155,128,163,128,,,,,,,,0
1681856267.3662872,154,128,164,128,,,,,,,,0
1681856267.3703678,153,128,164,128,,,,,,,,0
1681856267.3742561,153,128,164,128,,,,,,,,0
1681856267.378988,152,128,164,128,,,,,,,,0
1681856267.3840606,152,128,164,128,,,,,,,,0
1681856267.3935442,152,128,164,128,,,,,,,,0
1681856267.3936245,151,128,164,128,,,,,,,,0
1681856267.3959477,151,128,164,128,,,,,,,,0
1681856267.4010682,150,128,164,128,,,,,,,,0
1681856267.40505,150,128,164,128,,,,,,,,0
1681856267.4083982,,,,,,,,,,,,2
1681856267.4092376,150,128,164,128,,,,,,,,0
1681856267.4131005,150,128,164,128,,,,,,,,0
1681856267.4175355,150,128,164,128,,,,,,,,0
1681856267.4222817,150,128,164,128,,,,,,,,0
1681856267.426671,150,128,164,128,,,,,,,,0
1681856267.4304106,150,128,164,128,,,,,,,,0
1681856267.4345844,150,128,164,128,,,,,,,,0
1681856267.439473,149,128,164,128,,,,,,,,0
1681856267.4430928,149,128,164,128,,,,,,,,0
1681856267.447302,149,128,164,128,,,,,,,,0
1681856267.4514532,148,128,164,128,,,,,,,,0
1681856267.4565978,148,128,164,128,,,,,,,,0
1681856267.4602125,147,128,164,128,,,,,,,,0
1681856267.4647026,146,128,164,128,,,,,,,,0
1681856267.4684887,146,128,164,128,,,,,,,,0
1681856267.4730349,145,128,164,128,,,,,,,,0
1681856267.4771826,144,128,164,128,,,,,,,,0
1681856267.4811368,144,128,164,128,,,,,,,,0
1681856267.4853327,144,128,164,128,,,,,,,,0
1681856267.4897242,144,128,164,128,,,,,,,,0
1681856267.4939306,144,128,164,128,,,,,,,,0
1681856267.498299,144,128,164,128,,,,,,,,0
1681856267.5026872,144,128,164,128,,,,,,,,0
1681856267.5068953,144,128,164,128,,,,,,,,0
1681856267.5108202,144,128,164,128,,,,,,,,0
1681856267.5151265,144,128,164,128,,,,,,,,0
1681856267.519249,143,128,164,128,,,,,,,,0
1681856267.523757,144,128,164,128,,,,,,,,0
1681856267.5279772,144,128,164,128,,,,,,,,0
1681856267.533658,144,128,164,128,,,,,,,,0
1681856267.5413845,143,128,164,128,,,,,,,,0
1681856267.5414193,144,128,164,128,,,,,,,,0
1681856267.5448892,144,128,164,128,,,,,,,,0
1681856267.5494843,143,128,164,128,,,,,,,,0
1681856267.5545087,144,128,164,128,,,,,,,,0
1681856267.5579116,144,128,164,128,,,,,,,,0
1681856267.559509,,,,,,,,,,,,2
1681856267.5624044,144,128,164,128,,,,,,,,0
1681856267.5669332,144,128,164,128,,,,,,,,0
1681856267.5713854,146,128,164,128,,,,,,,,0
1681856267.5753467,146,128,164,128,,,,,,,,0
1681856267.580271,148,128,164,128,,,,,,,,0
1681856267.5838432,150,128,164,128,,,,,,,,0
1681856267.5884976,151,128,164,128,,,,,,,,0
1681856267.5925894,154,128,164,128,,,,,,,,0
1681856267.5964477,156,128,164,128,,,,,,,,0
1681856267.6007144,158,128,164,128,,,,,,,,0
1681856267.6055026,158,128,164,128,,,,,,,,0
1681856267.6094148,161,128,164,128,,,,,,,,0
1681856267.6134403,163,128,164,128,,,,,,,,0
1681856267.617557,164,128,164,128,,,,,,,,0
1681856267.621795,166,128,164,128,,,,,,,,0
1681856267.6267607,166,128,164,128,,,,,,,,0
1681856267.6303024,167,128,164,128,,,,,,,,0
1681856267.6345913,168,128,164,128,,,,,,,,0
1681856267.6389854,168,128,164,128,,,,,,,,0
1681856267.6427526,169,128,163,128,,,,,,,,0
1681856267.6473641,169,128,163,128,,,,,,,,0
1681856267.6513958,169,128,163,128,,,,,,,,0
1681856267.651812,,,,,,,,,,,,2
1681856267.6568902,169,128,163,128,,,,,,,,0
1681856267.6597102,169,128,163,128,,,,,,,,0
1681856267.6639926,169,128,163,128,,,,,,,,0
1681856267.6688097,169,128,163,128,,,,,,,,0
1681856267.6728354,168,128,163,128,,,,,,,,0
1681856267.6767209,168,128,163,128,,,,,,,,0
1681856267.680837,168,128,163,128,,,,,,,,0
1681856267.6850803,167,128,163,128,,,,,,,,0
1681856267.6893992,166,128,163,128,,,,,,,,0
1681856267.6934698,165,128,163,128,,,,,,,,0
1681856267.697599,163,128,163,128,,,,,,,,0
1681856267.7019095,162,128,163,128,,,,,,,,0
1681856267.7061858,160,128,163,128,,,,,,,,0
1681856267.710585,159,128,163,128,,,,,,,,0
1681856267.7145557,157,128,163,128,,,,,,,,0
1681856267.718841,156,128,163,128,,,,,,,,0
1681856267.723012,155,128,163,128,,,,,,,,0
1681856267.7269642,155,128,163,128,,,,,,,,0
1681856267.7315407,154,128,163,128,,,,,,,,0
1681856267.733885,,,,,0.6127734694281467,0.08485683988062334,3.0712842794143604,0.9810442058046015,0.030399357456072206,0.027646322025263417,-0.18937747015406084,1
1681856267.735604,154,128,163,128,,,,,,,,0
1681856267.7398772,153,128,163,128,,,,,,,,0
1681856267.7441003,153,128,163,128,,,,,,,,0
1681856267.7487571,153,128,163,128,,,,,,,,0
1681856267.7529967,152,128,163,128,,,,,,,,0
1681856267.757506,152,128,163,128,,,,,,,,0
1681856267.761463,152,128,163,128,,,,,,,,0
1681856267.7656488,152,128,163,128,,,,,,,,0
1681856267.7699175,152,128,163,128,,,,,,,,0
1681856267.774368,152,128,163,128,,,,,,,,0
1681856267.778382,152,128,163,128,,,,,,,,0
1681856267.7824783,152,128,163,128,,,,,,,,0
1681856267.7869074,152,128,163,128,,,,,,,,0
1681856267.7911081,152,128,163,128,,,,,,,,0
1681856267.7952185,152,128,163,128,,,,,,,,0
1681856267.79997,152,128,163,128,,,,,,,,0
1681856267.8039815,152,128,163,128,,,,,,,,0
1681856267.808384,152,128,163,128,,,,,,,,0
1681856267.8126345,152,128,163,128,,,,,,,,0
1681856267.816669,152,128,163,128,,,,,,,,0
1681856267.821358,150,128,163,128,,,,,,,,0
1681856267.8253982,148,128,163,128,,,,,,,,0
1681856267.829564,147,128,163,128,,,,,,,,0
1681856267.833563,146,128,163,128,,,,,,,,0
1681856267.8390627,144,128,163,128,,,,,,,,0
1681856267.842268,143,128,163,128,,,,,,,,0
1681856267.8470874,142,128,163,128,,,,,,,,0
1681856267.8506894,141,128,163,128,,,,,,,,0
1681856267.8593616,139,128,163,128,,,,,,,,0
1681856267.8593862,138,128,163,128,,,,,,,,0
1681856267.863631,137,128,163,128,,,,,,,,0
1681856267.8673327,136,128,163,128,,,,,,,,0
1681856267.8701763,,,,,0.627612503431892,0.06285595404835947,3.0049609130649464,0.972191990611861,0.03813958178391284,-0.08573155697143685,0.21456515521106556,1
1681856267.8717275,135,128,163,128,,,,,,,,0
1681856267.877349,134,128,163,128,,,,,,,,0
1681856267.8809497,131,128,163,128,,,,,,,,0
1681856267.8848994,130,128,163,128,,,,,,,,0
1681856267.8888817,130,128,163,128,,,,,,,,0
1681856267.8929956,128,128,163,128,,,,,,,,0
1681856267.8975072,123,128,163,128,,,,,,,,0
1681856267.9016607,119,128,163,128,,,,,,,,0
1681856267.906005,116,128,163,128,,,,,,,,0
1681856267.9099183,114,128,163,128,,,,,,,,0
1681856267.914179,111,128,163,128,,,,,,,,0
1681856267.918897,109,128,163,128,,,,,,,,0
1681856267.9226754,105,128,163,128,,,,,,,,0
1681856267.9269137,101,128,163,128,,,,,,,,0
1681856267.9309542,98,128,163,128,,,,,,,,0
1681856267.9354253,95,128,163,128,,,,,,,,0
1681856267.939725,91,128,163,128,,,,,,,,0
1681856267.9437428,88,128,163,128,,,,,,,,0
1681856267.9479492,85,128,163,128,,,,,,,,0
1681856267.952112,83,128,163,128,,,,,,,,0
1681856267.9575865,79,128,163,128,,,,,,,,0
1681856267.960619,77,128,163,128,,,,,,,,0
1681856267.965019,77,128,163,128,,,,,,,,0
1681856267.9692733,76,128,163,128,,,,,,,,0
1681856267.973426,76,128,163,128,,,,,,,,0
1681856267.977672,74,128,163,128,,,,,,,,0
1681856267.982043,74,128,163,128,,,,,,,,0
1681856267.9861753,73,128,163,128,,,,,,,,0
1681856267.9930642,74,128,163,128,,,,,,,,0
1681856267.9941378,73,128,163,128,,,,,,,,0
1681856267.9989834,72,128,163,128,,,,,,,,0
1681856268.0024881,72,128,163,128,,,,,,,,0
1681856268.006765,,,,,,,,,,,,2
1681856268.0068479,72,128,163,128,,,,,,,,0
1681856268.011571,72,128,163,128,,,,,,,,0
1681856268.0156796,71,128,163,128,,,,,,,,0
1681856268.0197358,71,128,163,128,,,,,,,,0
1681856268.0243475,71,128,163,128,,,,,,,,0
1681856268.0282938,70,128,163,128,,,,,,,,0
1681856268.0326524,70,128,163,128,,,,,,,,0
1681856268.0367463,69,128,163,128,,,,,,,,0
1681856268.0413618,69,128,163,128,,,,,,,,0
1681856268.0458698,68,128,163,128,,,,,,,,0
1681856268.0498917,68,128,163,128,,,,,,,,0
1681856268.0541177,68,128,163,128,,,,,,,,0
1681856268.058491,67,128,163,128,,,,,,,,0
1681856268.0624313,67,128,163,128,,,,,,,,0
1681856268.0666852,67,128,163,128,,,,,,,,0
1681856268.071182,67,128,163,128,,,,,,,,0
1681856268.0752459,67,128,163,128,,,,,,,,0
1681856268.0795407,66,128,163,128,,,,,,,,0
1681856268.0844233,66,128,163,128,,,,,,,,0
1681856268.0883522,66,128,163,128,,,,,,,,0
1681856268.0927062,66,128,163,128,,,,,,,,0
1681856268.0965226,66,128,163,128,,,,,,,,0
1681856268.1008134,66,128,163,128,,,,,,,,0
1681856268.1052513,66,128,163,128,,,,,,,,0
1681856268.1094303,66,128,163,128,,,,,,,,0
1681856268.1135852,66,128,164,128,,,,,,,,0
1681856268.1181262,66,128,164,128,,,,,,,,0
1681856268.1229918,66,128,164,128,,,,,,,,0
1681856268.126864,66,128,164,128,,,,,,,,0
1681856268.130873,66,128,164,128,,,,,,,,0
1681856268.1334727,,,,,0.6963401267219037,-0.13995952221700295,3.2834734988558503,0.9822628382337163,-0.024658498774231354,0.03234852434378334,-0.1830443881576958,1
1681856268.1349826,66,128,164,128,,,,,,,,0
1681856268.1395094,66,128,164,128,,,,,,,,0
1681856268.1438262,66,128,164,128,,,,,,,,0
1681856268.1479685,66,128,164,128,,,,,,,,0
1681856268.1523592,67,128,164,128,,,,,,,,0
1681856268.1570733,68,128,164,128,,,,,,,,0
1681856268.1609576,68,128,164,128,,,,,,,,0
1681856268.1656165,70,128,164,128,,,,,,,,0
1681856268.1694918,74,128,164,128,,,,,,,,0
1681856268.174097,77,128,164,128,,,,,,,,0
1681856268.1784308,80,128,164,128,,,,,,,,0
1681856268.182275,83,128,164,128,,,,,,,,0
1681856268.1865082,86,128,164,128,,,,,,,,0
1681856268.1910665,89,128,164,128,,,,,,,,0
1681856268.195014,91,128,164,128,,,,,,,,0
1681856268.1992176,93,128,164,128,,,,,,,,0
1681856268.2033439,96,128,164,128,,,,,,,,0
1681856268.2081335,98,128,164,128,,,,,,,,0
1681856268.211851,99,128,164,128,,,,,,,,0
1681856268.2159576,100,128,164,128,,,,,,,,0
1681856268.220063,102,128,164,128,,,,,,,,0
1681856268.2248542,102,128,164,128,,,,,,,,0
1681856268.2288916,102,128,164,128,,,,,,,,0
1681856268.2334058,102,128,164,128,,,,,,,,0
1681856268.236519,103,128,164,128,,,,,,,,0
1681856268.2415805,103,128,164,128,,,,,,,,0
1681856268.245357,103,128,164,128,,,,,,,,0
1681856268.249744,105,128,164,128,,,,,,,,0
1681856268.2541676,106,128,164,128,,,,,,,,0
1681856268.2584217,107,128,164,128,,,,,,,,0
1681856268.2605183,,,,,0.7148497175814161,-0.1976122347449657,3.265322994258388,0.9750944209229584,-0.03401960626116113,0.05204651183885533,-0.21289597760447224,1
1681856268.2623265,109,128,164,128,,,,,,,,0
1681856268.2664115,112,128,164,128,,,,,,,,0
1681856268.2706456,114,128,164,128,,,,,,,,0
1681856268.2751935,117,128,164,128,,,,,,,,0
1681856268.2792058,121,128,164,128,,,,,,,,0
1681856268.2833745,125,128,164,128,,,,,,,,0
1681856268.2886376,128,128,164,128,,,,,,,,0
1681856268.2922401,131,128,164,128,,,,,,,,0
1681856268.2964709,135,128,164,128,,,,,,,,0
1681856268.3004827,138,128,164,128,,,,,,,,0
1681856268.3048656,140,128,164,128,,,,,,,,0
1681856268.3094254,146,128,164,128,,,,,,,,0
1681856268.31353,149,128,164,128,,,,,,,,0
1681856268.3176134,151,128,164,128,,,,,,,,0
1681856268.3221607,153,128,164,128,,,,,,,,0
1681856268.3263943,154,128,164,128,,,,,,,,0
1681856268.330369,155,128,164,128,,,,,,,,0
1681856268.3346705,156,128,164,128,,,,,,,,0
1681856268.3392878,157,128,164,128,,,,,,,,0
1681856268.3436062,157,128,164,128,,,,,,,,0
1681856268.3474257,157,128,164,128,,,,,,,,0
1681856268.3520463,158,128,164,128,,,,,,,,0
1681856268.3565583,158,128,164,128,,,,,,,,0
1681856268.3605473,158,128,164,128,,,,,,,,0
1681856268.3645854,158,128,164,128,,,,,,,,0
1681856268.3688662,158,128,164,128,,,,,,,,0
1681856268.373707,159,128,164,128,,,,,,,,0
1681856268.374146,,,,,0.7082850277218956,-0.20339868362242844,3.285280198980653,0.978631522792229,-0.0327692698069405,0.05348124927113858,-0.19582204556709487,1
1681856268.3777318,159,128,164,128,,,,,,,,0
1681856268.3824809,160,128,164,128,,,,,,,,0
1681856268.3862576,160,128,164,128,,,,,,,,0
1681856268.3909283,161,128,164,128,,,,,,,,0
1681856268.3949304,161,128,164,128,,,,,,,,0
1681856268.3991473,162,128,164,128,,,,,,,,0
1681856268.4033241,163,128,164,128,,,,,,,,0
1681856268.4076843,165,128,164,128,,,,,,,,0
1681856268.4117668,166,128,164,128,,,,,,,,0
1681856268.4159806,167,128,164,128,,,,,,,,0
1681856268.420631,168,128,164,128,,,,,,,,0
1681856268.4247282,170,128,164,128,,,,,,,,0
1681856268.4287937,171,128,164,128,,,,,,,,0
1681856268.4327953,171,128,164,128,,,,,,,,0
1681856268.4369373,172,128,164,128,,,,,,,,0
1681856268.4414353,172,128,164,128,,,,,,,,0
1681856268.4454474,172,128,164,128,,,,,,,,0
1681856268.4497957,173,128,164,128,,,,,,,,0
1681856268.4537468,173,128,164,128,,,,,,,,0
1681856268.4586275,173,128,164,128,,,,,,,,0
1681856268.4626532,173,128,164,128,,,,,,,,0
1681856268.4667795,173,128,164,128,,,,,,,,0
1681856268.4710057,173,128,164,128,,,,,,,,0
1681856268.4749897,174,127,164,128,,,,,,,,0
1681856268.4795938,174,127,164,128,,,,,,,,0
1681856268.4837625,175,127,164,128,,,,,,,,0
1681856268.4877124,175,127,164,128,,,,,,,,0
1681856268.4917252,176,127,164,128,,,,,,,,0
1681856268.4963136,177,127,164,128,,,,,,,,0
1681856268.5001276,179,127,164,128,,,,,,,,0
1681856268.5056167,185,127,164,128,,,,,,,,0
1681856268.508593,,,,,,,,,,,,2
1681856268.5095022,189,127,164,128,,,,,,,,0
1681856268.5133626,194,127,164,128,,,,,,,,0
1681856268.517594,198,127,164,128,,,,,,,,0
1681856268.5220447,202,127,164,128,,,,,,,,0
1681856268.5260315,204,127,164,128,,,,,,,,0
1681856268.5308647,205,127,164,128,,,,,,,,0
1681856268.5348413,206,127,164,128,,,,,,,,0
1681856268.5410297,206,127,164,128,,,,,,,,0
1681856268.5434732,207,127,164,128,,,,,,,,0
1681856268.5477839,208,127,164,128,,,,,,,,0
1681856268.5521102,208,127,164,128,,,,,,,,0
1681856268.5564852,209,127,164,128,,,,,,,,0
1681856268.5612705,209,127,164,128,,,,,,,,0
1681856268.5651395,209,127,164,128,,,,,,,,0
1681856268.569618,209,127,164,128,,,,,,,,0
1681856268.5741036,209,127,164,128,,,,,,,,0
1681856268.5781543,210,127,164,128,,,,,,,,0
1681856268.5823421,210,127,164,128,,,,,,,,0
1681856268.5862944,210,127,164,128,,,,,,,,0
1681856268.5909708,210,127,164,128,,,,,,,,0
1681856268.5949097,210,127,164,128,,,,,,,,0
1681856268.5990624,211,127,164,128,,,,,,,,0
1681856268.6034026,211,127,164,128,,,,,,,,0
1681856268.607955,212,127,164,128,,,,,,,,0
1681856268.6119053,214,127,164,128,,,,,,,,0
1681856268.6163163,217,127,164,128,,,,,,,,0
1681856268.6204007,222,127,164,128,,,,,,,,0
1681856268.625917,225,127,164,128,,,,,,,,0
1681856268.6292906,225,127,164,128,,,,,,,,0
1681856268.632148,,,,,,,,,,,,2
1681856268.633855,229,127,164,128,,,,,,,,0
1681856268.6379962,231,127,164,128,,,,,,,,0
1681856268.642324,233,127,164,128,,,,,,,,0
1681856268.6462138,234,127,164,128,,,,,,,,0
1681856268.6505346,235,127,164,128,,,,,,,,0
1681856268.654791,236,127,164,128,,,,,,,,0
1681856268.659236,236,127,164,128,,,,,,,,0
1681856268.6630867,236,127,164,128,,,,,,,,0
1681856268.6674564,237,127,164,128,,,,,,,,0
1681856268.6722832,237,127,164,128,,,,,,,,0
1681856268.6761575,237,127,164,128,,,,,,,,0
1681856268.6801364,238,127,164,128,,,,,,,,0
1681856268.684247,238,127,164,128,,,,,,,,0
1681856268.6887338,238,127,164,128,,,,,,,,0
1681856268.693062,238,127,164,128,,,,,,,,0
1681856268.6970985,238,127,164,128,,,,,,,,0
1681856268.7010803,238,127,164,128,,,,,,,,0
1681856268.7061281,238,127,164,128,,,,,,,,0
1681856268.7093804,238,127,164,128,,,,,,,,0
1681856268.7141497,238,127,164,128,,,,,,,,0
1681856268.7173858,,,,,0.5107094475425601,-0.032332353386216685,3.309903348848653,0.9860904601925516,0.0527454820157981,0.04341579990254996,-0.1515209119659219,1
1681856268.7181628,238,127,164,128,,,,,,,,0
1681856268.7229705,239,127,164,128,,,,,,,,0
1681856268.7270045,239,127,164,128,,,,,,,,0
1681856268.7311928,240,127,164,128,,,,,,,,0
1681856268.7354107,244,127,164,128,,,,,,,,0
1681856268.7401907,252,127,164,128,,,,,,,,0
1681856268.7439919,252,127,164,128,,,,,,,,0
1681856268.7481751,252,127,164,128,,,,,,,,0
1681856268.7529697,252,127,164,128,,,,,,,,0
1681856268.757237,252,127,164,128,,,,,,,,0
1681856268.7610295,252,127,164,128,,,,,,,,0
1681856268.7651136,252,127,164,128,,,,,,,,0
1681856268.7694433,252,127,164,128,,,,,,,,0
1681856268.774258,252,127,164,128,,,,,,,,0
1681856268.7781076,252,127,164,128,,,,,,,,0
1681856268.7823224,252,127,164,128,,,,,,,,0
1681856268.786417,252,127,164,128,,,,,,,,0
1681856268.791355,252,127,164,128,,,,,,,,0
1681856268.7951574,252,127,164,128,,,,,,,,0
1681856268.7993033,252,127,164,128,,,,,,,,0
1681856268.8038394,252,127,164,128,,,,,,,,0
1681856268.8078756,252,127,164,128,,,,,,,,0
1681856268.8126662,252,127,164,128,,,,,,,,0
1681856268.8167605,252,127,164,128,,,,,,,,0
1681856268.8216102,252,127,164,128,,,,,,,,0
1681856268.824937,252,127,164,128,,,,,,,,0
1681856268.830107,252,127,164,128,,,,,,,,0
1681856268.83424,252,127,164,128,,,,,,,,0
1681856268.8399816,252,127,164,128,,,,,,,,0
1681856268.8425248,252,127,164,128,,,,,,,,0
1681856268.8467665,252,127,164,128,,,,,,,,0
1681856268.8478703,,,,,0.48581333354979606,0.008328325673711213,3.1668207919398115,0.9815773342260987,0.06895949402746131,0.02800369005041523,-0.1759724934773115,1
1681856268.85112,252,127,164,128,,,,,,,,0
1681856268.8555517,252,127,164,128,,,,,,,,0
1681856268.8597367,252,127,164,128,,,,,,,,0
1681856268.8641531,252,127,164,128,,,,,,,,0
1681856268.86808,252,127,163,128,,,,,,,,0
1681856268.872671,252,127,163,128,,,,,,,,0
1681856268.8769128,252,127,163,128,,,,,,,,0
1681856268.8813586,252,127,163,128,,,,,,,,0
1681856268.8856447,252,127,163,128,,,,,,,,0
1681856268.88993,252,127,163,128,,,,,,,,0
1681856268.893909,252,127,163,128,,,,,,,,0
1681856268.898069,252,127,163,128,,,,,,,,0
1681856268.9022663,252,127,163,128,,,,,,,,0
1681856268.907108,252,127,163,128,,,,,,,,0
1681856268.91088,252,127,163,128,,,,,,,,0
1681856268.9150295,252,127,163,128,,,,,,,,0
1681856268.9203217,252,127,163,128,,,,,,,,0
1681856268.923785,252,127,163,128,,,,,,,,0
1681856268.9278862,252,127,163,128,,,,,,,,0
1681856268.9321456,252,127,163,128,,,,,,,,0
1681856268.9365163,252,127,163,128,,,,,,,,0
1681856268.9407487,252,127,163,128,,,,,,,,0
1681856268.9450707,252,127,163,128,,,,,,,,0
1681856268.9493427,252,127,163,128,,,,,,,,0
1681856268.9535577,252,127,163,128,,,,,,,,0
1681856268.9586058,252,127,163,128,,,,,,,,0
1681856268.9621828,252,127,163,128,,,,,,,,0
1681856268.96671,252,127,163,128,,,,,,,,0
1681856268.9708807,252,127,163,128,,,,,,,,0
1681856268.9755895,252,127,163,128,,,,,,,,0
1681856268.9790163,252,127,163,128,,,,,,,,0
1681856268.9827948,252,127,163,128,,,,,,,,0
1681856268.9918275,252,127,163,128,,,,,,,,0
1681856268.9929016,252,127,163,128,,,,,,,,0
1681856268.9968474,252,127,163,128,,,,,,,,0
1681856269.0006938,252,127,163,128,,,,,,,,0
1681856269.0039475,,,,,0.4844031803739214,2.2313807435715956e-05,3.0364488599671087,0.9831424985071238,0.056779122964221995,0.023190459107926685,-0.1722473843950833,1
1681856269.0050035,252,127,163,128,,,,,,,,0
1681856269.0092347,252,127,163,128,,,,,,,,0
1681856269.0131936,252,127,164,128,,,,,,,,0
1681856269.0173838,252,127,164,128,,,,,,,,0
1681856269.0219986,252,127,164,128,,,,,,,,0
1681856269.0260882,252,127,164,128,,,,,,,,0
1681856269.0305254,252,127,164,128,,,,,,,,0
1681856269.035108,252,127,164,128,,,,,,,,0
1681856269.0401988,252,127,164,128,,,,,,,,0
1681856269.0431767,252,127,164,128,,,,,,,,0
1681856269.0472121,252,127,164,128,,,,,,,,0
1681856269.0512013,252,127,164,128,,,,,,,,0
1681856269.0561812,252,127,164,128,,,,,,,,0
1681856269.0600193,252,127,164,128,,,,,,,,0
1681856269.063986,252,127,164,128,,,,,,,,0
1681856269.068286,252,127,164,128,,,,,,,,0
1681856269.0729184,252,127,164,128,,,,,,,,0
1681856269.0769906,252,127,164,128,,,,,,,,0
1681856269.0814376,252,127,164,128,,,,,,,,0
1681856269.0852141,252,127,164,128,,,,,,,,0
1681856269.08949,252,127,164,128,,,,,,,,0
1681856269.0936964,252,127,164,128,,,,,,,,0
1681856269.097912,252,126,164,128,,,,,,,,0
1681856269.102417,252,126,164,128,,,,,,,,0
1681856269.1064837,252,126,164,128,,,,,,,,0
1681856269.1120658,252,125,164,128,,,,,,,,0
1681856269.1145062,252,125,164,128,,,,,,,,0
1681856269.1193037,252,124,164,128,,,,,,,,0
1681856269.1239743,252,123,164,128,,,,,,,,0
1681856269.125857,,,,,0.491233783364013,-0.010274735514514886,3.0093897680787856,0.9852796803780709,0.045760802051976954,0.02192290068634116,-0.16324609292458733,1
1681856269.1277156,252,123,164,128,,,,,,,,0
1681856269.1320431,252,122,164,128,,,,,,,,0
1681856269.1361904,252,122,164,128,,,,,,,,0
1681856269.1414914,252,121,164,128,,,,,,,,0
1681856269.1448584,252,121,164,128,,,,,,,,0
1681856269.1490223,252,121,164,128,,,,,,,,0
1681856269.153297,252,120,164,128,,,,,,,,0
1681856269.1576517,252,120,164,128,,,,,,,,0
1681856269.1619098,252,119,164,128,,,,,,,,0
1681856269.1665618,252,119,164,128,,,,,,,,0
1681856269.1703918,252,119,164,128,,,,,,,,0
1681856269.1750917,252,119,164,128,,,,,,,,0
1681856269.179149,252,119,164,128,,,,,,,,0
1681856269.18327,252,119,164,128,,,,,,,,0
1681856269.187918,252,119,164,128,,,,,,,,0
1681856269.191801,252,119,164,128,,,,,,,,0
1681856269.1960173,252,119,164,128,,,,,,,,0
1681856269.2002656,252,119,164,128,,,,,,,,0
1681856269.2059543,252,119,164,128,,,,,,,,0
1681856269.2090156,252,118,164,128,,,,,,,,0
1681856269.2152336,252,119,164,128,,,,,,,,0
1681856269.217749,252,119,164,128,,,,,,,,0
1681856269.221864,252,119,164,128,,,,,,,,0
1681856269.226373,252,119,164,128,,,,,,,,0
1681856269.2301478,252,119,164,128,,,,,,,,0
1681856269.2345364,252,119,164,128,,,,,,,,0
1681856269.238916,252,119,164,128,,,,,,,,0
1681856269.2443953,252,119,164,128,,,,,,,,0
1681856269.246581,252,119,164,128,,,,,,,,0
1681856269.2506816,252,119,164,128,,,,,,,,0
1681856269.2555792,252,118,164,128,,,,,,,,0
1681856269.259524,252,119,164,128,,,,,,,,0
1681856269.261274,,,,,,,,,,,,2
1681856269.263575,252,118,164,128,,,,,,,,0
1681856269.2676153,252,118,164,128,,,,,,,,0
1681856269.2723792,252,118,164,128,,,,,,,,0
1681856269.2763183,252,118,164,128,,,,,,,,0
1681856269.2803352,252,118,164,128,,,,,,,,0
1681856269.2845922,252,118,164,128,,,,,,,,0
1681856269.2892182,252,118,164,128,,,,,,,,0
1681856269.2936833,252,118,164,128,,,,,,,,0
1681856269.297359,252,118,164,128,,,,,,,,0
1681856269.3015213,252,118,164,128,,,,,,,,0
1681856269.3062835,252,118,164,128,,,,,,,,0
1681856269.3098588,252,118,164,128,,,,,,,,0
1681856269.3141193,252,118,164,128,,,,,,,,0
1681856269.3185866,252,118,164,128,,,,,,,,0
1681856269.322836,252,118,164,128,,,,,,,,0
1681856269.3269703,252,118,164,128,,,,,,,,0
1681856269.3311057,252,118,164,128,,,,,,,,0
1681856269.335706,252,119,164,128,,,,,,,,0
1681856269.3396528,252,120,164,128,,,,,,,,0
1681856269.3440413,252,121,164,128,,,,,,,,0
1681856269.34803,252,121,164,128,,,,,,,,0
1681856269.3520727,252,122,164,128,,,,,,,,0
1681856269.356621,252,122,164,128,,,,,,,,0
1681856269.3607166,252,122,164,128,,,,,,,,0
1681856269.3648534,252,122,164,128,,,,,,,,0
1681856269.3692212,252,122,164,128,,,,,,,,0
1681856269.374508,252,122,164,128,,,,,,,,0
1681856269.3793573,252,122,164,128,,,,,,,,0
1681856269.3813906,252,122,164,128,,,,,,,,0
1681856269.3861537,252,123,164,128,,,,,,,,0
1681856269.390365,252,123,164,128,,,,,,,,0
1681856269.3921854,,,,,,,,,,,,2
1681856269.394316,252,123,164,128,,,,,,,,0
1681856269.3988388,252,123,164,128,,,,,,,,0
1681856269.4028697,252,123,164,128,,,,,,,,0
1681856269.4074275,252,123,164,128,,,,,,,,0
1681856269.4118738,252,123,164,128,,,,,,,,0
1681856269.4162033,252,123,165,128,,,,,,,,0
1681856269.4199502,252,123,165,128,,,,,,,,0
1681856269.4242816,252,123,165,128,,,,,,,,0
1681856269.4284515,252,123,165,128,,,,,,,,0
1681856269.432503,252,123,166,128,,,,,,,,0
1681856269.4366944,252,123,168,128,,,,,,,,0
1681856269.4412372,252,122,170,128,,,,,,,,0
1681856269.4452395,252,122,172,128,,,,,,,,0
1681856269.4495702,252,122,173,128,,,,,,,,0
1681856269.4547408,252,122,173,128,,,,,,,,0
1681856269.4586058,252,122,175,128,,,,,,,,0
1681856269.4630482,252,123,176,128,,,,,,,,0
1681856269.46745,252,123,177,128,,,,,,,,0
1681856269.471829,252,124,178,128,,,,,,,,0
1681856269.4759557,252,124,179,128,,,,,,,,0
1681856269.4801943,252,124,182,128,,,,,,,,0
1681856269.4843712,252,124,182,128,,,,,,,,0
1681856269.4888918,252,125,182,128,,,,,,,,0
1681856269.4934733,252,125,183,128,,,,,,,,0
1681856269.4969196,252,125,183,128,,,,,,,,0
1681856269.5013604,252,125,183,128,,,,,,,,0
1681856269.506101,252,125,183,128,,,,,,,,0
1681856269.509862,252,125,183,128,,,,,,,,0
1681856269.5137062,252,125,183,128,,,,,,,,0
1681856269.5178683,252,125,183,128,,,,,,,,0
1681856269.5228999,252,125,183,128,,,,,,,,0
1681856269.5263705,252,125,183,128,,,,,,,,0
1681856269.5312538,252,125,183,128,,,,,,,,0
1681856269.5351937,252,125,182,128,,,,,,,,0
1681856269.5398188,252,125,182,128,,,,,,,,0
1681856269.5444813,252,124,182,128,,,,,,,,0
1681856269.5455995,,,,,0.575597414924893,0.05271576848550939,2.664421558650979,0.9875833148425828,0.016879052322534702,0.010785707706499288,-0.155813870841139,1
1681856269.5479202,252,124,179,128,,,,,,,,0
1681856269.5520678,252,124,178,128,,,,,,,,0
1681856269.5567281,252,124,178,128,,,,,,,,0
1681856269.5606503,252,124,178,128,,,,,,,,0
1681856269.5649374,252,124,178,128,,,,,,,,0
1681856269.5691962,252,123,177,128,,,,,,,,0
1681856269.5736508,252,123,176,128,,,,,,,,0
1681856269.5776458,252,123,176,128,,,,,,,,0
1681856269.5818045,252,123,176,128,,,,,,,,0
1681856269.5865726,252,123,176,128,,,,,,,,0
1681856269.5906143,252,123,176,128,,,,,,,,0
1681856269.59469,252,123,176,128,,,,,,,,0
1681856269.5990052,252,122,175,128,,,,,,,,0
1681856269.603354,252,122,175,128,,,,,,,,0
1681856269.607747,252,122,174,128,,,,,,,,0
1681856269.6118484,252,122,173,128,,,,,,,,0
1681856269.6158426,252,122,172,128,,,,,,,,0
1681856269.6201267,252,122,172,128,,,,,,,,0
1681856269.6250641,252,121,172,128,,,,,,,,0
1681856269.6286967,252,121,171,128,,,,,,,,0
1681856269.633074,252,121,170,128,,,,,,,,0
1681856269.6375997,252,120,170,128,,,,,,,,0
1681856269.6416411,252,119,170,128,,,,,,,,0
1681856269.6457255,252,119,169,128,,,,,,,,0
1681856269.6502984,252,119,169,128,,,,,,,,0
1681856269.65423,252,119,169,128,,,,,,,,0
1681856269.6584797,252,119,169,128,,,,,,,,0
1681856269.6626894,252,119,169,128,,,,,,,,0
1681856269.667374,252,118,169,128,,,,,,,,0
1681856269.6712875,252,118,168,128,,,,,,,,0
1681856269.6752384,252,118,168,128,,,,,,,,0
1681856269.6781323,,,,,0.590126830780271,0.10989984826892152,2.440295934623352,0.9865206994395553,0.037237465925383996,0.0018651583761223303,-0.1593323629805901,1
1681856269.6794355,252,118,168,128,,,,,,,,0
1681856269.6841245,252,118,168,128,,,,,,,,0
1681856269.6887035,252,118,168,128,,,,,,,,0
1681856269.692711,252,118,168,128,,,,,,,,0
1681856269.6965363,252,118,168,128,,,,,,,,0
1681856269.7008712,252,118,168,128,,,,,,,,0
1681856269.7068946,252,117,168,128,,,,,,,,0
1681856269.7095222,252,117,168,128,,,,,,,,0
1681856269.713705,252,117,168,128,,,,,,,,0
1681856269.7180839,252,117,168,128,,,,,,,,0
1681856269.7228255,252,117,167,128,,,,,,,,0
1681856269.7265663,252,117,167,128,,,,,,,,0
1681856269.7304494,252,116,167,128,,,,,,,,0
1681856269.7348878,252,116,166,128,,,,,,,,0
1681856269.7392275,252,116,166,128,,,,,,,,0
1681856269.7437701,252,116,166,128,,,,,,,,0
1681856269.7478049,252,115,166,128,,,,,,,,0
1681856269.7517195,252,114,166,128,,,,,,,,0
1681856269.7561066,252,113,166,128,,,,,,,,0
1681856269.7601397,252,113,165,128,,,,,,,,0
1681856269.7644231,252,113,165,128,,,,,,,,0
1681856269.7685776,252,112,165,128,,,,,,,,0
1681856269.7730262,252,112,165,128,,,,,,,,0
1681856269.7775304,252,112,165,128,,,,,,,,0
1681856269.7813983,252,111,165,128,,,,,,,,0
1681856269.7862544,252,110,165,128,,,,,,,,0
1681856269.7905083,252,110,165,128,,,,,,,,0
1681856269.79459,252,110,165,128,,,,,,,,0
1681856269.8060832,252,110,165,128,,,,,,,,0
1681856269.8061147,252,110,165,128,,,,,,,,0
1681856269.806466,252,110,165,128,,,,,,,,0
1681856269.811637,252,110,165,128,,,,,,,,0
1681856269.815339,252,110,165,128,,,,,,,,0
1681856269.819604,252,110,165,128,,,,,,,,0
1681856269.8240948,252,110,164,128,,,,,,,,0
1681856269.828221,252,110,164,128,,,,,,,,0
1681856269.8297849,,,,,0.5925325775490478,0.1099945942267845,2.3565008062201316,0.9878528579374672,0.045272093696309634,0.020511197626855063,-0.14722927483704779,1
1681856269.8322787,252,110,164,128,,,,,,,,0
1681856269.8368256,252,110,164,128,,,,,,,,0
1681856269.8409355,252,110,164,128,,,,,,,,0
1681856269.8452706,252,110,164,128,,,,,,,,0
1681856269.8494034,252,110,164,128,,,,,,,,0
1681856269.8537807,252,109,164,128,,,,,,,,0
1681856269.8579445,252,109,164,128,,,,,,,,0
1681856269.8621848,252,109,164,128,,,,,,,,0
1681856269.8665118,252,109,164,128,,,,,,,,0
1681856269.8710098,252,109,164,128,,,,,,,,0
1681856269.875548,252,108,164,128,,,,,,,,0
1681856269.8795662,252,108,164,128,,,,,,,,0
1681856269.883473,252,108,164,128,,,,,,,,0
1681856269.8879821,252,108,164,128,,,,,,,,0
1681856269.892223,252,108,164,128,,,,,,,,0
1681856269.8963394,252,108,164,128,,,,,,,,0
1681856269.9008121,252,108,164,128,,,,,,,,0
1681856269.9051485,252,108,164,128,,,,,,,,0
1681856269.9090247,252,109,164,128,,,,,,,,0
1681856269.91383,252,108,164,128,,,,,,,,0
1681856269.9179723,252,108,164,128,,,,,,,,0
1681856269.9201882,,,,,0.6438404499587668,0.0938572889577901,2.1382097242142137,0.9886617460516206,0.03641559667038771,-0.01572849693722636,-0.14482565586730914,1
1681856269.922616,252,108,164,128,,,,,,,,0
1681856269.9267519,252,108,164,128,,,,,,,,0
1681856269.9312372,252,108,164,128,,,,,,,,0
1681856269.9354815,252,108,164,128,,,,,,,,0
1681856269.9400039,252,108,164,128,,,,,,,,0
1681856269.9439328,252,108,164,128,,,,,,,,0
1681856269.9482818,252,108,164,128,,,,,,,,0
1681856269.953043,252,108,164,128,,,,,,,,0
1681856269.958249,252,109,164,128,,,,,,,,0
1681856269.9615164,252,108,164,128,,,,,,,,0
1681856269.9657412,252,108,164,128,,,,,,,,0
1681856269.9700692,252,108,164,128,,,,,,,,0
1681856269.9748197,252,108,164,128,,,,,,,,0
1681856269.9788225,252,108,164,128,,,,,,,,0
1681856269.9828894,252,109,164,128,,,,,,,,0
1681856269.9872015,252,108,164,128,,,,,,,,0
1681856269.9927545,252,109,164,128,,,,,,,,0
1681856269.9957616,252,109,164,128,,,,,,,,0
1681856270.0000174,252,109,164,128,,,,,,,,0
1681856270.004313,252,109,164,128,,,,,,,,0
1681856270.008497,252,109,164,128,,,,,,,,0
1681856270.0126798,252,109,164,128,,,,,,,,0
1681856270.0169706,252,109,164,128,,,,,,,,0
1681856270.0210848,252,109,164,128,,,,,,,,0
1681856270.0258374,252,109,164,128,,,,,,,,0
1681856270.029729,252,109,164,128,,,,,,,,0
1681856270.0338457,252,110,164,128,,,,,,,,0
1681856270.0376983,252,110,164,128,,,,,,,,0
1681856270.0428548,252,110,164,128,,,,,,,,0
1681856270.046511,252,110,164,128,,,,,,,,0
1681856270.0506868,252,110,164,128,,,,,,,,0
1681856270.055069,252,110,164,128,,,,,,,,0
1681856270.0575638,,,,,0.6493622125474455,0.09720353667472947,2.1662521938219794,0.991604848841751,0.03698612280874165,-0.029734995977540486,-0.12028167145213986,1
1681856270.0594864,252,110,164,128,,,,,,,,0
1681856270.0632937,252,110,164,128,,,,,,,,0
1681856270.0677714,252,110,164,128,,,,,,,,0
1681856270.0722225,252,110,164,128,,,,,,,,0
1681856270.0762594,252,110,164,128,,,,,,,,0
1681856270.080602,252,110,165,128,,,,,,,,0
1681856270.0850878,252,110,165,128,,,,,,,,0
1681856270.0902252,252,110,165,128,,,,,,,,0
1681856270.0935194,252,110,165,128,,,,,,,,0
1681856270.097789,252,110,165,128,,,,,,,,0
1681856270.1021714,252,110,165,128,,,,,,,,0
1681856270.1066246,252,110,165,128,,,,,,,,0
1681856270.1106043,252,110,165,128,,,,,,,,0
1681856270.1148238,252,110,165,128,,,,,,,,0
1681856270.1191974,252,110,165,128,,,,,,,,0
1681856270.123976,252,110,165,128,,,,,,,,0
1681856270.12826,252,110,165,128,,,,,,,,0
1681856270.1323974,252,110,165,128,,,,,,,,0
1681856270.1365457,252,110,165,128,,,,,,,,0
1681856270.1408095,252,110,165,128,,,,,,,,0
1681856270.145165,252,110,165,128,,,,,,,,0
1681856270.149356,252,110,165,128,,,,,,,,0
1681856270.1536493,252,110,165,128,,,,,,,,0
1681856270.1578126,252,110,165,128,,,,,,,,0
1681856270.1628363,252,110,165,128,,,,,,,,0
1681856270.1707675,252,110,165,128,,,,,,,,0
1681856270.1707995,252,110,165,128,,,,,,,,0
1681856270.1755528,252,110,165,128,,,,,,,,0
1681856270.1762295,,,,,,,,,,,,2
1681856270.179091,252,110,165,128,,,,,,,,0
1681856270.1835856,252,111,165,128,,,,,,,,0
1681856270.1876295,252,118,165,128,,,,,,,,0
1681856270.1923935,252,121,165,128,,,,,,,,0
1681856270.1966162,252,121,165,128,,,,,,,,0
1681856270.201807,252,125,165,128,,,,,,,,0
1681856270.2052753,252,126,165,128,,,,,,,,0
1681856270.2094939,252,127,164,128,,,,,,,,0
1681856270.213595,252,127,164,128,,,,,,,,0
1681856270.2178729,252,127,164,128,,,,,,,,0
1681856270.2222161,252,127,164,128,,,,,,,,0
1681856270.2262344,252,127,164,128,,,,,,,,0
1681856270.2302325,252,127,164,128,,,,,,,,0
1681856270.234568,252,127,164,128,,,,,,,,0
1681856270.2389348,252,128,164,128,,,,,,,,0
1681856270.243437,252,128,164,128,,,,,,,,0
1681856270.2475088,252,128,164,128,,,,,,,,0
1681856270.2517784,252,128,164,128,,,,,,,,0
1681856270.2555761,252,128,164,128,,,,,,,,0
1681856270.2597964,252,128,164,128,,,,,,,,0
1681856270.2638848,252,128,164,128,,,,,,,,0
1681856270.2680392,252,128,164,128,,,,,,,,0
1681856270.2724528,252,128,164,128,,,,,,,,0
1681856270.2768998,252,128,164,128,,,,,,,,0
1681856270.2884572,252,128,164,128,,,,,,,,0
1681856270.2885141,252,128,164,128,,,,,,,,0
1681856270.2898178,252,128,164,128,,,,,,,,0
1681856270.2952046,252,128,164,128,,,,,,,,0
1681856270.2961767,,,,,,,,,,,,2
1681856270.2980933,252,128,164,128,,,,,,,,0
1681856270.3025742,252,128,164,128,,,,,,,,0
1681856270.3073537,252,128,164,128,,,,,,,,0
1681856270.3111212,252,128,164,128,,,,,,,,0
1681856270.3152635,252,128,164,128,,,,,,,,0
1681856270.319536,252,128,164,128,,,,,,,,0
1681856270.3252141,252,128,164,128,,,,,,,,0
1681856270.328007,252,128,164,128,,,,,,,,0
1681856270.3321395,252,128,164,128,,,,,,,,0
1681856270.3363698,252,128,164,128,,,,,,,,0
1681856270.3408062,252,128,164,128,,,,,,,,0
1681856270.345,252,128,164,128,,,,,,,,0
1681856270.3490298,252,128,164,128,,,,,,,,0
1681856270.3533258,252,128,164,128,,,,,,,,0
1681856270.3576374,252,128,164,128,,,,,,,,0
1681856270.3620653,252,128,164,128,,,,,,,,0
1681856270.3661814,252,128,164,128,,,,,,,,0
1681856270.370329,252,128,164,128,,,,,,,,0
1681856270.375071,252,128,164,128,,,,,,,,0
1681856270.3790467,252,128,164,128,,,,,,,,0
1681856270.3832507,252,128,164,128,,,,,,,,0
1681856270.387601,252,128,164,128,,,,,,,,0
1681856270.3919253,252,128,164,128,,,,,,,,0
1681856270.395981,252,128,164,128,,,,,,,,0
1681856270.4007995,252,128,164,128,,,,,,,,0
1681856270.4048233,252,128,164,128,,,,,,,,0
1681856270.4090333,252,128,164,128,,,,,,,,0
1681856270.4234774,252,128,164,128,,,,,,,,0
1681856270.4234984,252,128,164,128,,,,,,,,0
1681856270.4241943,252,128,163,128,,,,,,,,0
1681856270.4259448,252,128,163,128,,,,,,,,0
1681856270.4304402,252,128,163,128,,,,,,,,0
1681856270.4347656,252,128,163,128,,,,,,,,0
1681856270.4391403,252,128,163,128,,,,,,,,0
1681856270.4407213,,,,,0.7743606870111275,-0.1915894043929451,2.0478713163516,0.9857988057985082,0.004571149287192147,0.01666906717317669,-0.16703880171985644,1
1681856270.4434485,252,128,163,128,,,,,,,,0
1681856270.4478319,252,128,163,128,,,,,,,,0
1681856270.451743,252,128,163,128,,,,,,,,0
1681856270.4564404,252,128,163,128,,,,,,,,0
1681856270.4600267,252,128,163,128,,,,,,,,0
1681856270.4644756,252,128,163,128,,,,,,,,0
1681856270.4687948,252,128,163,128,,,,,,,,0
1681856270.473361,252,128,163,128,,,,,,,,0
1681856270.4773376,252,128,163,128,,,,,,,,0
1681856270.4815772,252,128,163,128,,,,,,,,0
1681856270.4858909,252,128,163,128,,,,,,,,0
1681856270.4903083,252,128,163,128,,,,,,,,0
1681856270.4944592,252,128,163,128,,,,,,,,0
1681856270.498874,252,128,163,128,,,,,,,,0
1681856270.503047,252,128,163,128,,,,,,,,0
1681856270.5075216,252,128,163,128,,,,,,,,0
1681856270.511448,252,128,163,128,,,,,,,,0
1681856270.5158482,252,128,163,128,,,,,,,,0
1681856270.5201287,252,128,163,128,,,,,,,,0
1681856270.5249274,252,128,163,128,,,,,,,,0
1681856270.5287356,252,128,163,128,,,,,,,,0
1681856270.5331283,252,128,163,128,,,,,,,,0
1681856270.5389318,252,128,163,128,,,,,,,,0
1681856270.5414696,252,128,163,128,,,,,,,,0
1681856270.5459616,252,128,163,128,,,,,,,,0
1681856270.550017,252,128,163,128,,,,,,,,0
1681856270.5532415,,,,,0.7766461023084312,-0.21271656024957056,2.0938184139910128,0.9891097964649818,-0.0008728080352726729,0.047947661810335475,-0.13914765707714094,1
1681856270.5542097,252,128,163,128,,,,,,,,0
1681856270.5587895,252,128,163,128,,,,,,,,0
1681856270.5628202,252,128,163,128,,,,,,,,0
1681856270.5669346,252,128,163,128,,,,,,,,0
1681856270.572133,252,128,163,128,,,,,,,,0
1681856270.5759912,252,128,163,128,,,,,,,,0
1681856270.5803452,252,128,163,128,,,,,,,,0
1681856270.5844305,252,128,163,128,,,,,,,,0
1681856270.588808,252,128,163,128,,,,,,,,0
1681856270.592863,252,128,163,128,,,,,,,,0
1681856270.5970764,252,128,163,128,,,,,,,,0
1681856270.601131,252,128,163,128,,,,,,,,0
1681856270.6055257,252,128,163,128,,,,,,,,0
1681856270.6097398,252,128,163,128,,,,,,,,0
1681856270.6141186,252,128,163,128,,,,,,,,0
1681856270.6186101,252,128,163,128,,,,,,,,0
1681856270.6230664,252,127,163,128,,,,,,,,0
1681856270.6274405,252,127,163,128,,,,,,,,0
1681856270.6312122,252,127,163,128,,,,,,,,0
1681856270.6357102,252,127,163,128,,,,,,,,0
1681856270.6405973,252,127,163,128,,,,,,,,0
1681856270.6416147,,,,,0.7736600539883953,-0.2095578465166217,2.134695552857506,0.98633903263507,0.007288149147094984,0.0558757123675409,-0.1547905047150636,1
1681856270.644305,252,127,163,128,,,,,,,,0
1681856270.6484623,252,127,163,128,,,,,,,,0
1681856270.6528275,252,127,163,128,,,,,,,,0
1681856270.65742,252,127,163,128,,,,,,,,0
1681856270.6613598,252,127,163,128,,,,,,,,0
1681856270.665973,252,127,163,128,,,,,,,,0
1681856270.669996,252,127,163,128,,,,,,,,0
1681856270.6749227,252,127,163,128,,,,,,,,0
1681856270.6785805,252,127,163,128,,,,,,,,0
1681856270.683031,252,127,163,128,,,,,,,,0
1681856270.6872642,252,127,163,128,,,,,,,,0
1681856270.6918132,252,127,163,128,,,,,,,,0
1681856270.696086,252,127,163,128,,,,,,,,0
1681856270.7003422,252,127,163,128,,,,,,,,0
1681856270.7055082,252,127,163,128,,,,,,,,0
1681856270.7088346,252,127,163,128,,,,,,,,0
1681856270.712994,252,127,163,128,,,,,,,,0
1681856270.7171104,252,127,163,128,,,,,,,,0
1681856270.721933,252,127,163,128,,,,,,,,0
1681856270.7258701,252,127,163,128,,,,,,,,0
1681856270.7284007,,,,,,,,,,,,2
1681856270.7302053,252,127,163,128,,,,,,,,0
1681856270.7348285,252,127,163,128,,,,,,,,0
1681856270.7390456,252,127,164,128,,,,,,,,0
1681856270.7444024,252,127,164,128,,,,,,,,0
1681856270.7482824,252,127,164,128,,,,,,,,0
1681856270.7522337,252,127,164,128,,,,,,,,0
1681856270.7564895,252,127,164,128,,,,,,,,0
1681856270.7604728,252,127,164,128,,,,,,,,0
1681856270.7650003,252,127,164,128,,,,,,,,0
1681856270.7691395,252,127,164,128,,,,,,,,0
1681856270.77368,252,127,164,128,,,,,,,,0
1681856270.7776804,252,127,164,128,,,,,,,,0
1681856270.7818873,252,127,164,128,,,,,,,,0
1681856270.7872949,252,127,164,128,,,,,,,,0
1681856270.7907617,252,127,164,128,,,,,,,,0
1681856270.7949178,252,127,164,128,,,,,,,,0
1681856270.7991183,252,127,164,128,,,,,,,,0
1681856270.803552,252,127,164,128,,,,,,,,0
1681856270.808058,252,127,164,128,,,,,,,,0
1681856270.812037,252,127,163,128,,,,,,,,0
1681856270.8161297,252,127,163,128,,,,,,,,0
1681856270.8207002,252,127,163,128,,,,,,,,0
1681856270.8262033,252,127,163,128,,,,,,,,0
1681856270.8296835,252,127,163,128,,,,,,,,0
1681856270.833292,252,127,163,128,,,,,,,,0
1681856270.837943,252,127,163,128,,,,,,,,0
1681856270.8428473,252,127,163,128,,,,,,,,0
1681856270.8449426,,,,,,,,,,,,2
1681856270.8465452,252,127,163,128,,,,,,,,0
1681856270.850833,252,127,163,128,,,,,,,,0
1681856270.8554149,252,127,163,128,,,,,,,,0
1681856270.8600845,252,127,163,128,,,,,,,,0
1681856270.8640513,252,127,163,128,,,,,,,,0
1681856270.8688555,252,127,163,128,,,,,,,,0
1681856270.872631,252,127,163,128,,,,,,,,0
1681856270.87694,252,127,163,128,,,,,,,,0
1681856270.8812888,252,127,163,128,,,,,,,,0
1681856270.8856113,252,127,163,128,,,,,,,,0
1681856270.890294,252,127,163,128,,,,,,,,0
1681856270.8940206,252,127,163,128,,,,,,,,0
1681856270.8980958,252,127,163,128,,,,,,,,0
1681856270.902617,252,127,163,128,,,,,,,,0
1681856270.9070446,252,127,163,128,,,,,,,,0
1681856270.911736,252,127,163,128,,,,,,,,0
1681856270.9154496,252,127,163,128,,,,,,,,0
1681856270.9196334,252,127,163,128,,,,,,,,0
1681856270.9240818,252,127,163,128,,,,,,,,0
1681856270.9280937,252,127,163,128,,,,,,,,0
1681856270.932446,252,127,163,128,,,,,,,,0
1681856270.9366763,252,127,163,128,,,,,,,,0
1681856270.9409275,252,127,163,128,,,,,,,,0
1681856270.9451768,252,127,163,128,,,,,,,,0
1681856270.9499366,252,127,163,128,,,,,,,,0
1681856270.9580634,252,127,163,128,,,,,,,,0
1681856270.9580896,252,127,163,128,,,,,,,,0
1681856270.9623199,246,127,163,128,,,,,,,,0
1681856270.9665172,243,127,163,128,,,,,,,,0
1681856270.9709852,240,127,163,128,,,,,,,,0
1681856270.9731936,,,,,0.8044704111689809,-0.14752213663509928,2.3629422854943516,0.9875168459488992,0.01729396106118915,0.07337440645483674,-0.13830254645288514,1
1681856270.9749115,235,127,163,128,,,,,,,,0
1681856270.9792042,229,127,164,128,,,,,,,,0
1681856270.9834137,217,127,164,128,,,,,,,,0
1681856270.987939,217,127,164,128,,,,,,,,0
1681856270.9920819,214,127,164,128,,,,,,,,0
1681856270.9962723,211,127,164,128,,,,,,,,0
1681856271.0004647,207,127,164,128,,,,,,,,0
1681856271.0045934,193,127,164,128,,,,,,,,0
1681856271.0091856,186,127,164,128,,,,,,,,0
1681856271.012986,178,127,164,128,,,,,,,,0
1681856271.0172846,170,127,164,128,,,,,,,,0
1681856271.0217004,160,127,164,128,,,,,,,,0
1681856271.02615,153,127,164,128,,,,,,,,0
1681856271.0300462,144,127,164,128,,,,,,,,0
1681856271.0344753,134,127,164,128,,,,,,,,0
1681856271.0395494,127,127,164,128,,,,,,,,0
1681856271.0431376,124,127,164,128,,,,,,,,0
1681856271.0466602,121,127,164,128,,,,,,,,0
1681856271.0512435,119,127,164,128,,,,,,,,0
1681856271.0555112,118,127,164,128,,,,,,,,0
1681856271.058095,,,,,0.8136882880760136,-0.15013503479254123,2.35268615127827,0.9909187430964548,0.010049827564525037,0.041342640955273714,-0.12755324999743864,1
