time,commands[0],commands[1],commands[2],commands[3],position.x,position.y,position.z,R11,R21,R31,R12,R22,R32,vel.x,vel.y,vel.z,ang_vel_x,ang_vel_y,ang_vel_z,command_state_flag,roll,pitch,yaw
1681856264.1737883,163,128,151,128,-0.2380314352420814,1.0136646106486007,1.164659919311309,0.9980448310767492,0.0613421613865026,0.0119855912418122,0.0619935776932332,-0.9471401415569836,-0.3147734877276208,0.4530705131055626,-0.1399455832552446,1.2550888545566827,1.2600941355728514,-0.1809410963402761,0.0547530216491545,0,-2.821350829442474,-0.011985878224179,0.0613851118344788
1681856264.2079687,163,128,151,128,-0.2271051929725198,1.008788277300395,1.2002423226263883,0.9980487799440576,0.0620732604275686,0.0067485696313623,0.0605081471531785,-0.934848078531275,-0.349854018405495,0.2269916648854696,-0.1439263780707687,0.8857246013155543,1.180995264229025,-0.1677095185501471,0.0436852849637048,0,-2.7841688793642825,-0.0067486208576459,0.062114608296424
1681856264.242091,164,128,150,128,-0.2226503864528431,1.00389434271566,1.2243001671588067,0.99801265517186,0.0629947198370721,0.0015509318046713,0.0587499693494101,-0.92130028168209,-0.3843881268639089,0.0658241843483027,-0.1421961284391965,0.5744271168294753,0.8963859791147378,-0.1206215288084355,0.0037732219196133,0,-2.7470472163873487,-0.0015509324264377,0.0630365343515723
1681856264.2712567,164,128,151,128,-0.2222606882504859,0.999837329617246,1.2373229403307238,0.9979500819611832,0.0639331095644934,-0.0028620648285341,0.0570310185274499,-0.9087236238128068,-0.4134837825722332,-0.0199016562322529,-0.1360765224607414,0.3542316589006656,0.5591491363205252,-0.0654141430775193,-0.0436205374892717,1,-2.7153138585608447,0.0028620687359419,0.0639770060785378
1681856264.3068328,164,128,151,128,-0.2239081376278168,0.9952313974501418,1.2457465653264916,0.9979350037110072,0.0641824898955244,0.0025172125701339,0.0593911468810966,-0.9070937835696152,-0.4167176015979026,-0.0572889030525837,-0.1234718183929348,0.1538304523197039,0.0941814793173762,0.0774703722242189,-0.0884171659142067,0,-2.711759738840932,-0.0025172152284684,0.0642268410171222
1681856264.3415506,164,128,150,128,-0.2254815637666318,0.9912975062189354,1.2481372576421312,0.997893569961978,0.0644056637536936,0.0077674645146014,0.0617099234980353,-0.9054905975634444,-0.4198555264207716,-0.0269071517015918,-0.1049872318961419,0.0149197922906111,-0.1037304305537336,0.2871918995814081,-0.0621829561950621,0,-2.708292567016931,-0.0077675426231151,0.0644522208582927
1681856264.3637502,164,128,151,128,-0.2253704286929358,0.9891676745441534,1.2476472422568572,0.9978532427234076,0.0645379104796231,0.0111249313392947,0.0632006490076676,-0.9044589421067146,-0.4218526994203214,0.0345265894375789,-0.0885905902268772,-0.0455828744156067,-0.118814669566885,0.4442665376341427,-0.0168801749992601,1,-2.706076083617401,-0.0111251608299236,0.0645867987065172
1681856264.397391,166,128,151,128,-0.2225436909815769,0.986544288952496,1.244864210772229,0.9980600940739036,0.053261606349335,0.0322373991860225,0.0618739549306599,-0.9059931503697134,-0.4187457763182818,0.1201882281224133,-0.0708147023009301,-0.1182803071331217,-0.1039849049862632,0.6632149181422169,0.0461310697043154,0,-2.7092891099585663,-0.0322429855846464,0.0533145576669697
1681856264.4356363,177,128,151,128,-0.2167191395353685,0.9839932135001364,1.237882862059279,0.9975944416357336,0.0404937882457298,0.0562635150963661,0.0602647981417982,-0.9077110669549407,-0.4152454371000978,0.1695769606795504,-0.0659718734674406,-0.2386433324560427,-0.0973635406008292,0.7965270303420309,0.0646963762075113,0,-2.712655750205274,-0.0562932419344957,0.0405691616339255
1681856264.4695194,184,128,151,128,-0.2109008563461007,0.98159544928354,1.227159010540722,0.9965591967571696,0.0292357401353834,0.077556681578321,0.0587504362943351,-0.9092086877093504,-0.412174657674469,0.1668690323132678,-0.0764097448332965,-0.3797149485505449,-0.0994530446045467,0.8144649019689938,0.0335577410967524,0,-2.715385877029154,-0.077634643864566,0.0293282701126916
1681856264.486679,185,128,151,128,-0.2082215049605806,0.9801741365470992,1.2197548692173548,0.9958119264298076,0.0235556530928826,0.0883387705796477,0.0579520004815796,-0.9099581127468832,-0.4106309762868771,0.1455516134183859,-0.0885087436527503,-0.4730587881893879,-0.1028072179890867,0.789172999039816,0.00237438630945,1,-2.7166784201442145,-0.0884540713826413,0.0236503103178311
1681856264.5208902,186,128,151,128,-0.2040902839332073,0.9767110298896567,1.2006906421463333,0.9959207505040402,0.0253134887029623,0.0866088102051671,0.0587529867500954,-0.9104091337209326,-0.4095159286101636,0.1002695081683027,-0.1119385710058403,-0.6260499556446825,-0.109153298313843,0.7246320934535282,-0.0632495495331271,0,-2.717975533415743,-0.0867174540211834,0.0254117003677484
1681856264.5549493,186,128,151,128,-0.2015170698790405,0.9724370537101024,1.1766212886881136,0.996023283927239,0.0270613872531644,0.0848840338033782,0.0595530348328646,-0.9108553585669162,-0.4084066010878503,0.0575540141031516,-0.1356099904070012,-0.7644406715412291,-0.1134158845526999,0.6604967127469298,-0.1218417481960971,0,-2.7192636352362127,-0.0849863015530749,0.0271627500380477
1681856264.592822,187,128,153,128,-0.2002290091621798,0.9667685453005176,1.1449260834275166,0.9961304942362054,0.0290025048211327,0.0829632036919625,0.060445734081237,-0.9113482754898452,-0.4071739603573217,0.0166008163084598,-0.1604430966350222,-0.8890490147497043,-0.1159272839783185,0.5888806637299525,-0.1792318375261443,0,-2.720692176706039,-0.0830586708237257,0.0291069433995465
1681856264.6274776,187,128,153,128,-0.200288316498164,0.9607847485174968,1.112330854407964,0.9962223185720528,0.0307764062282927,0.0812028620098762,0.0612654226108868,-0.9117962959418752,-0.4060468725393496,-0.0149584419531215,-0.1818770329721165,-0.9764019741626024,-0.1163036785273908,0.5255559465177276,-0.2227202851138015,0,-2.721995870664072,-0.0812923685107771,0.0308832882159019
1681856264.6615586,192,128,153,128,-0.2013012732705164,0.954202531516316,1.077819767962754,0.9963067680070508,0.0325187188056849,0.0794692201458009,0.0620741449461434,-0.9122340663080843,-0.4049392655648782,-0.0404255456342438,-0.2017401557318944,-1.0372019508495924,-0.1150738121332445,0.4625390975590043,-0.2590667997417969,0,-2.723274696632963,-0.0795531048399194,0.0326276801432905
1681856264.6956031,198,128,153,128,-0.2030681964410396,0.9469796295510692,1.041765110751406,0.996385332211892,0.0342569977762586,0.0777349847646161,0.0628845938308745,-0.912668571052409,-0.4038336381133698,-0.0601714847336434,-0.2202317579774526,-1.0726746590492195,-0.112351924841011,0.399691040187104,-0.2882790208797193,0,-2.7245489384226893,-0.0778134869775437,0.0343677372144306
1681856264.7296565,203,128,153,128,-0.2054015758639211,0.9391499224051608,1.0049670561086228,0.996458122208242,0.0359935459812486,0.07599786400235,0.0636978385430436,-0.9131003885465606,-0.4027285261824204,-0.0743686188070232,-0.2374870656780502,-1.0832285919624052,-0.1083024349556663,0.3378602366845024,-0.3100224911540223,0,-2.725820300411512,-0.0760712112943655,0.0361057861749767
1681856264.7637372,205,128,153,128,-0.2081143960488393,0.9307509266529794,0.9682516882178894,0.996525167959726,0.0377292955214515,0.0742569180770044,0.0645143213558828,-0.9135297469660032,-0.4016233356619361,-0.0828501909906779,-0.2531281773554204,-1.069401320771437,-0.1029516423222198,0.2758795848801352,-0.3247255739373072,0,-2.727089476730824,-0.0743253311896603,0.0378427807017588
1681856264.8006103,206,128,154,128,-0.2112558230271685,0.9210789604261912,0.9296357933200614,0.9965911683106696,0.0396047713274486,0.0723706109776314,0.065400605263122,-0.9139911182256398,-0.4004285162620939,-0.0860332987271874,-0.2691830895509031,-1.025760365208529,-0.0958159043351002,0.2091473378285234,-0.3324784278784778,0,-2.72845903102734,-0.0724339339126771,0.0397193385060381
1681856264.8340034,207,128,154,128,-0.2140905896514516,0.9118394394743882,0.8965321774859665,0.9966450750958328,0.0413009998856053,0.0706599016109665,0.0662058427003644,-0.9144061041520342,-0.3993472963246827,-0.083213519699507,-0.28234730187386,-0.961025467664458,-0.088312802931549,0.1497420893711607,-0.332222357362094,0,-2.7296960987582084,-0.0707188328270549,0.0414163311586291
1681856264.867363,207,128,154,128,-0.2167288333331949,0.9021949230956808,0.8660586576759325,0.9966933614058536,0.0429933767178579,0.0689486249891677,0.0670127292255682,-0.9148179714632704,-0.3982679665872813,-0.0750865951859645,-0.2942132103650515,-0.8728944326736111,-0.0796529363828406,0.0896466099823981,-0.3250057889006563,0,-2.730928857978284,-0.0690033714800668,0.0431092871339855
1681856264.9011934,207,128,155,128,-0.2190243174605082,0.8920325779986894,0.8386221923899818,0.9967366471876564,0.0447074409445667,0.0672108687438092,0.0678335100772533,-0.9152328924810716,-0.3971742280553089,-0.0607822958134667,-0.305419986515377,-0.7543140824646565,-0.0688153539020995,0.0230068818164604,-0.3087154386910684,0,-2.732175895884438,-0.0672615738368811,0.0448237710895723
1681856264.9362211,207,128,159,128,-0.2208012352443563,0.8811499782915015,0.8147742131390705,0.9967754353511415,0.0464798214686748,0.0654091559094171,0.0686859920083384,-0.915659566835442,-0.3960426645761305,-0.0417748482920305,-0.314811363197125,-0.6175103403403188,-0.0588873488878892,-0.0320503732392555,-0.2886058110032899,0,-2.733463761832577,-0.0654558865615266,0.046596430381116
1681856264.9696288,207,128,160,128,-0.2217409774021387,0.8704710440271127,0.7971861718585947,0.9968067138372776,0.0481679897302627,0.0636884606053035,0.0695015536713167,-0.91606372529896,-0.3949642834848049,-0.0170438114065989,-0.3231294435825375,-0.4542404928208763,-0.0470637974676557,-0.0920151163975918,-0.2597859210473627,0,-2.7346889328303985,-0.0637315951199308,0.0482847376899389
1681856265.0041685,208,128,161,128,-0.2217448476112809,0.8591662031154856,0.785158924420482,0.9968331847145312,0.0499110503518607,0.061907098984357,0.0703473182408389,-0.9164787197943968,-0.393850239279279,0.0138049293100084,-0.3303383685607683,-0.2625385016174763,-0.0343202094622256,-0.1512847091078681,-0.2241466211022565,0,-2.735952410111519,-0.0619467103820599,0.0500278334489262
1681856265.0390716,210,128,161,128,-0.2205505638056257,0.8475146587529914,0.780253883009456,0.9968538741737172,0.0516700478108502,0.0601045730712371,0.0712046255464941,-0.9168951243524796,-0.3927253903676649,0.050780284107605,-0.3363218042844245,-0.0427960610285159,-0.0199846312710992,-0.2126307059475191,-0.1797018082113313,0,-2.737225870627769,-0.0601408205878373,0.0517867764777022
1681856265.0734663,213,128,161,128,-0.2179980420226742,0.8358534095981605,0.7834324142456071,0.996868303001074,0.0534010551880078,0.0583259271385104,0.0720520426159211,-0.9173025550531576,-0.3916178311157733,0.0930604121732767,-0.34094695278324,0.2001034085907171,-0.0047730048942865,-0.2726661911352573,-0.1287005111425784,0,-2.73847753703621,-0.0583590478292954,0.0535176638523234
1681856265.1107793,221,128,162,128,-0.213457246762392,0.8230527807291378,0.796893564818404,0.9968772661533598,0.0552762519438243,0.0563937248073473,0.072974265106669,-0.9177412846967828,-0.3904173292711795,0.1454572813899665,-0.344516918270199,0.492961670123386,0.0131252433224621,-0.3377654665461297,-0.0649348344053657,0,-2.7398317614993664,-0.05642365871052,0.0553926813631293
1681856265.144578,223,128,162,128,-0.2075504195513713,0.8113687472932753,0.8189870033283706,0.9968793756090368,0.0569724150134107,0.0546411421263914,0.0738122325270862,-0.918135752650004,-0.3893308285188548,0.1986306231169356,-0.3464388711420418,0.7837382220559301,0.0294558686115509,-0.3927371374364257,-0.0041760914429398,0,-2.74105517470386,-0.0546683686501754,0.0570886606074857
1681856265.178242,232,128,162,128,-0.1997825133969322,0.7996900477010198,0.8511968650497672,0.9968757982222008,0.0586595187084388,0.0528933245669452,0.0746493141456261,-0.918525867165514,-0.3882495476435592,0.2572259227714411,-0.347119504534509,1.0987382290560337,0.0492634288548529,-0.4545746771220946,0.0717998100609348,0,-2.7422706318758787,-0.0529180189780826,0.0587755821389101
1681856265.211776,252,128,162,128,-0.1899931306015643,0.7880565275241234,0.8942204094320582,0.9968666003412984,0.0603378170392793,0.0511500631369758,0.0754855936865062,-0.9189117134546576,-0.387173330721036,0.3201266465293634,-0.3465818810088582,1.432095398306105,0.0696611929940324,-0.5134705756357949,0.15173190591373,0,-2.743478346125622,-0.0511723936696937,0.0604537202100551
1681856265.2453954,252,128,162,128,-0.1779420183362532,0.776434516890523,0.949124910624607,0.9968517342194618,0.0620180774190463,0.0494001827617779,0.0763264293212779,-0.9192957714395014,-0.386095274253022,0.3920471136753997,-0.3447256243383429,1.8085675404275716,0.0910810879761508,-0.5708026788783004,0.2366931897640496,0,-2.7446860818766816,-0.049420297379225,0.062133861437819
1681856265.2795804,252,128,162,128,-0.1632044034786056,0.7647015543247544,1.0178773385852584,0.996830822719937,0.0637242186080603,0.0476186396097757,0.0771838951624657,-0.9196834427280836,-0.3850000149342454,0.4650621880591259,-0.3417690695254263,2.1867220955121507,0.1144620268078253,-0.6288040605856844,0.3298786041367199,0,-2.7459110044780317,-0.0476366541517514,0.0638399450104265
1681856265.3133602,252,128,162,128,-0.1459952908840843,0.7532333943510308,1.0994494243494632,0.996804418973196,0.0654077696464094,0.0458560136229886,0.078033656769474,-0.9200636974826086,-0.3839186645447378,0.5450038403645275,-0.3375390404433658,2.597001348857596,0.1396007651961273,-0.6865415180083488,0.429909664012721,0,-2.747118317874218,-0.0458720996544419,0.0655235228119843
1681856265.346826,252,128,162,128,-0.1261703302866812,0.7420362574929971,1.194443159058588,0.9967726343316092,0.0670733330628762,0.0441076347071653,0.0788779211509775,-0.9204376479001593,-0.3828482857254591,0.6299916449936104,-0.3321111344951729,3.029664272469458,0.1677316965451103,-0.746246600223876,0.5410098784082223,0,-2.748311380165146,-0.0441219490212398,0.0671892150975499
1681856265.3806334,252,128,162,128,-0.1031545791879621,0.7309324736766669,1.305557196152606,0.9967348396114504,0.0687535131747677,0.042339271732806,0.0797332196614091,-0.9208126115016034,-0.3817679245065295,0.7212398388580429,-0.325400580854371,3.4908651406194897,0.1957085220479041,-0.8011941091199591,0.6501447499796037,0,-2.7495135578733096,-0.0423519316092775,0.0688696492793072
1681856265.414258,252,128,162,128,-0.0771013281741618,0.7201368521769167,1.4319929218110177,0.9966915808822334,0.0704222369232648,0.0405783334452992,0.0805863053384488,-0.9211827535933744,-0.380694341794079,0.8173027787305981,-0.317510069534151,3.9732834713095175,0.2269618765872528,-0.8580890210439457,0.7700738339056151,0,-2.7507061992807684,-0.0405894777599376,0.0705387695767165
1681856265.4425192,252,128,162,128,-0.0526314560107467,0.7112848364270592,1.551140185549076,0.9966508503566612,0.0718229381623373,0.0390966499469319,0.0813051680104721,-0.9214916957354112,-0.3797927386686914,0.904375249685504,-0.3097356525881668,4.408202887101977,0.2519436875382269,-0.9004533729175257,0.864069961107065,1,-2.751706259451156,-0.0391066169888398,0.0719399299505492
1681856265.477852,252,128,162,128,-0.0196729113477435,0.7005406315774638,1.7122005064520502,0.9984127134753676,0.0561759503003897,0.0040393289791839,0.053286965106076,-0.9189734798634664,-0.3907022429644028,0.929952928268759,-0.2992646688319157,4.558569806045917,0.3049038634068791,-0.824126116945074,0.8650954438034717,0,-2.740194842865561,-0.0040393399636666,0.0562059974472683
1681856265.5125728,252,128,162,128,0.0102011019262965,0.6903693410845372,1.8597014666361107,0.9986867484665444,0.041101089235133,-0.0305855995691898,0.0254342017809595,-0.9159801559831882,-0.4004166020843536,0.7805340981506383,-0.287828051419242,3.885697883364854,0.37463997486577,-0.5322405966815601,0.6320953119010492,0,-2.7294166681975844,0.0305903702749441,0.0411319244266246
1681856265.5294073,252,128,162,128,0.0219455235190812,0.6855872192601379,1.9187079385933723,0.9982994002875624,0.0339063837570705,-0.0474200856811962,0.0118283504217953,-0.9143450850384052,-0.4047630857580901,0.6444397993369732,-0.2818511934389728,3.260263161210651,0.4062295827451583,-0.3690305956270329,0.4871281809056688,1,-2.724374349580338,0.0474378756661659,0.033951092274469
1681856265.563696,252,128,162,128,0.0380483775736887,0.6761537409291873,2.002994502098805,0.9987983736363404,0.0354497959040143,-0.0338396334460747,0.0182149239384153,-0.909547502152218,-0.4152006236442557,0.3424166141299751,-0.2701335114051936,1.8784519563792856,0.466978864726261,0.0847924654361857,0.0678505494359349,0,-2.7131677739395585,0.0338460951876999,0.0354775523768048
1681856265.5975916,252,128,162,128,0.0452089321211996,0.6671805325940967,2.04676852559587,0.9991138144291944,0.0368201523759893,-0.0203926995700511,0.0246576501733431,-0.9046792637063866,-0.4253791604058659,0.1180308850274211,-0.2607673909119642,0.879181209623849,0.457837397761805,0.3597507154391933,-0.2005008594107552,0,-2.7021140890762068,0.0203941132600924,0.03683614075526
1681856265.6311283,252,128,162,128,0.0460578377610351,0.6585790194037128,2.062974449735831,0.9992518280381708,0.0380235534982549,-0.0070706111291682,0.0311567545702356,-0.899741122769898,-0.4353104279033688,-0.0368230178778273,-0.2534369257148496,0.2248517169627135,0.3898011769157877,0.5224508843846474,-0.3758969088128155,0,-2.691197505977433,0.0070706700446425,0.0380336730035396
1681856265.6660874,252,128,162,128,0.0428272370514351,0.6498331787623253,2.0635231454505187,0.9992113203142704,0.039116196816728,0.0068308493181649,0.0380613720479476,-0.8944665109240337,-0.4455120568438224,-0.125164291786805,-0.2479297731441407,-0.0944672796840257,0.2565663647098224,0.5723598836330359,-0.4578396807788228,0,-2.679834909718071,-0.0068309024410906,0.0391270921440819
1681856265.7001956,252,128,162,128,0.0380784836836106,0.6414457304074309,2.060158710545452,0.9989904230650865,0.0400227346576336,0.0204038068694295,0.044923582222975,-0.8891969246311444,-0.4553138488853278,-0.1398854304567017,-0.2446412237540858,-0.0511390369318286,0.0621717384370519,0.5031331350852352,-0.4387719017749866,0,-2.668761475481299,-0.0204052228710032,0.0400417675567292
1681856265.7254813,252,130,162,128,0.0349775807460631,0.6352786922998249,2.0623188401140435,0.9987110728205844,0.0405929293192138,0.0304697737904643,0.0500896572692569,-0.8852126942446007,-0.462481904708566,-0.1041195379042121,-0.243514574808572,0.2148064527222567,-0.0894699205821183,0.4011876062451484,-0.3774638355703507,1,-2.660557910473234,-0.0304744904870823,0.0406229577451511
1681856265.7599683,252,133,162,128,0.0328257465354254,0.6269664792466436,2.078498977995348,0.9983810355357592,0.0448805713712119,0.0349434141998127,0.0557974517420678,-0.8920493748300139,-0.4484802752011213,-0.0303814773394044,-0.2372594654960304,0.6506022154655009,-0.3309485552148199,0.2087920096237934,-0.257321234801634,0,-2.676221704509313,-0.0349505293405902,0.0449231052778792
1681856265.797397,252,135,162,128,0.0332367950440463,0.6184868805703153,2.1100248548859177,0.997978500742322,0.0496100085550043,0.0397210159396706,0.0619389924500409,-0.8991988198109088,-0.4331339788852205,0.0423186676522444,-0.2158304314964203,0.9683982697854252,-0.491216538101594,0.0591973410794002,-0.1694943197891751,0,-2.6932461276324378,-0.0397314683949694,0.0496696118000205
1681856265.8320034,252,135,162,128,0.0358657629370387,0.611628266486906,2.1466725716565715,0.9975653584639804,0.0540519831482675,0.0440651643633621,0.0675665637345222,-0.9055567956316406,-0.4188098009245539,0.1009658857929571,-0.182590830048133,1.1080532512080383,-0.5620139614847892,-0.035065529800313,-0.118955983300799,0,-2.709009944441112,-0.0440794373442663,0.0541309686522973
1681856265.8662114,252,135,162,128,0.0403105962816933,0.6062276216277339,2.1848606627620946,0.9971184116282928,0.0585068547444804,0.0482889339267183,0.0730797007491553,-0.9116014428546528,-0.4045270902223103,0.1512850758646751,-0.1368286327312348,1.1017288940607883,-0.5624964882621539,-0.0882972211899758,-0.0956032874847851,0,-2.724614305212143,-0.0483077205060178,0.0586087356153348
1681856265.900755,252,137,162,128,0.0463891793061568,0.6026089867052793,2.2203787897795677,0.9966283042186752,0.063068763141058,0.0524819430477282,0.0785952626239464,-0.917461399938458,-0.3899838000687177,0.1940814925595595,-0.0778222240882146,0.9494023738693224,-0.4910174439584878,-0.1015320791587682,-0.0982105348239023,0,-2.740394115659317,-0.0525060652695414,0.0631978598278506
1681856265.9125035,252,137,162,128,0.0487721321440506,0.6018776109604786,2.230865527237104,0.9964527581851764,0.0646345898676676,0.0538912840614609,0.0804590539940892,-0.9193982609318432,-0.385010621185804,0.2074268208904779,-0.0536489073098361,0.8596651971018276,-0.4633154774085276,-0.0983399876277736,-0.1027419076185678,1,-2.745766136800938,-0.0539174040236916,0.0647739384081008
1681856265.947878,252,138,162,128,0.0568736581435751,0.6010917427726747,2.2557600083220786,0.9962479297098792,0.0679382511963221,0.0536139587529709,0.0831399282549524,-0.923349934576568,-0.374850170931279,0.247917916670544,-0.0034943800969691,0.5796169176713478,-0.3432486586332126,-0.069270274969858,-0.1066796843032493,0,-2.756775055777515,-0.0536396771998555,0.0680887034700239
1681856265.9813535,252,138,162,128,0.0660616547440077,0.6011848891014201,2.2702791878800674,0.996045938641736,0.0710610764459979,0.0533180225593547,0.085682424512384,-0.9269797439956584,-0.3651945732776208,0.2965816499093069,0.0013766018857957,0.3216556212296393,-0.2581248342830778,-0.0278589942531531,-0.0802458458681222,0,-2.767191994195599,-0.0533433171127202,0.0712224980667848
1681856266.018563,252,144,162,128,0.0783965974408141,0.600476945256041,2.2766265079710912,0.9958121377537376,0.0745277737940853,0.0529508945687316,0.0885144494205391,-0.9308886589656612,-0.3544171226858155,0.3613541762293978,-0.0432906887511823,0.0511301093099966,-0.1849293684460602,0.035958259426069,-0.0170317610867078,0,-2.778769478152079,-0.0529756697692018,0.0747019325276314
1681856266.0257738,252,145,162,128,0.0810799126159289,0.6000829374122,2.276710989023687,0.9957657026741376,0.0751989943826658,0.0528751039877669,0.0890639507017551,-0.9316307965131982,-0.3523232488405777,0.376502582819663,-0.0594373573213786,-0.0040220234928584,-0.1779583790261275,0.0442172851700652,-0.007583962505329,1,-2.781012869086098,-0.052899772866223,0.0753756892661058
1681856266.061079,252,146,161,128,0.0953693245628835,0.5967068514887339,2.2724790372175088,0.9963463411123616,0.0750740856238766,0.0407167068873223,0.0847224176304946,-0.9289735127399243,-0.3603197532449335,0.4204454046146794,-0.1204989569782592,-0.2038455778015208,-0.0572047089074905,0.0147184649834215,0.0707664694042488,0,-2.7726614009718737,-0.0407279656556647,0.0752072709171304
1681856266.095255,252,146,161,128,0.1096983391408297,0.5920913052949334,2.2634037753907976,0.9967605465063484,0.0750390430316728,0.0289405416199485,0.0804224202281169,-0.9263460357322536,-0.3679881199275199,0.4110450393852556,-0.1415794387562229,-0.3025529532234819,0.1406169283130123,-0.1702122586425311,0.1298633156348939,0,-2.764582423773485,-0.0289445830256498,0.0751411777972203
1681856266.133451,252,146,161,128,0.1240842909290932,0.5869585963213269,2.251393243709008,0.9970512444823362,0.0750998513262467,0.0157742894293463,0.0755043673570438,-0.9233458896126088,-0.3764723876269188,0.3405145646508283,-0.1220966537378852,-0.3073679151571738,0.475603091248845,-0.5697491613592963,0.1869071604016368,0,-2.755556506100451,-0.0157749436839667,0.0751799964959053
1681856266.169344,252,146,161,128,0.1339014817123103,0.583702355599466,2.2421096581028044,0.99715866424964,0.0752531533057317,0.0034001807919601,0.0707759716366746,-0.9204661288689968,-0.384360335419523,0.2278097581861367,-0.067945286701062,-0.2197237129965343,0.8399163492866561,-1.0541274443900797,0.2256832872924349,0,-2.7470754145486307,-0.0034001873437059,0.0753247980707036
1681856266.1775064,252,146,161,128,0.1354142205352064,0.5833321776990494,2.2406596174248192,0.9971606757738856,0.0753010161857051,0.000586218020987,0.0696863355445601,-0.9198031216405907,-0.3861425022690397,0.1682409999265003,-0.0360693903678533,-0.159919564611658,0.9757382413281864,-1.2437560835109742,0.2368421650817595,1,-2.745146513153625,-0.0005862180545628,0.0753723738658334
1681856266.2144456,252,146,161,128,0.1391121814003763,0.5836852960197566,2.2367548652835323,0.9962163626308614,0.0821110226105572,-0.0284734752424864,0.0650925471910634,-0.9220505553323948,-0.381556986191318,0.0589264332623136,0.0458132497173373,-0.0916587230082494,0.9184342277283954,-1.4857253800712389,0.2315217827389818,0,-2.749945082525955,0.0284773240719853,0.08223699055405
1681856266.2485309,252,146,161,128,0.1409607773634788,0.5864544455331964,2.231382097627959,0.9945664447532226,0.0882042017713912,-0.0552956215337757,0.0609855604579064,-0.9241229695443282,-0.3771968962971566,0.0672502934050232,0.1059132208922455,-0.240066452179524,0.0576041545730214,-1.016460918620412,0.1744880263199835,0,-2.7542007403138453,0.055323839078025,0.0884546617415346
1681856266.2823102,252,146,161,128,0.1451906923646126,0.5908441872857236,2.2171300370652927,0.9921953727822916,0.0940573158722822,-0.0818630781262932,0.0570435640349381,-0.92617383931465,-0.3727573623301798,0.1866188017019574,0.1459569259062569,-0.5940944143671665,-1.537868064501415,0.0747968836072242,0.0918698021228586,0,-2.758260665694398,0.0819547900759956,0.0945147287630056
1681856266.3104951,252,146,161,128,0.1532549159416676,0.595293915731565,2.1933739071868863,0.989657610855545,0.0987965584282287,-0.1040050639076426,0.0538542444827,-0.9278816634517444,-0.3689652273334467,0.3747853735420045,0.1650566948934624,-1.0571256458552751,-3.219748438474942,1.3016134223068594,0.0296295885077917,1,-2.761531647977128,0.10419348726008,0.0994993715035021
1681856266.3449328,252,146,161,128,0.1708796516181139,0.6012164616604856,2.1462543006204635,0.997481204161913,0.0709163053274462,-0.0014577319384179,0.0692881942429631,-0.9785670214655312,-0.193921970489752,0.6119438467106383,0.1771396320553908,-1.5850417429836632,-5.3890656750780765,2.947701888691685,-0.0165397789359563,0,-2.9464340027799607,0.0014577324546942,0.0709759569207838
1681856266.378663,252,146,161,128,0.19442521740419,0.607352587913729,2.0874665703457382,0.9928507294031096,0.0613691024396448,0.1023780366556521,0.0633208543736473,-0.9978662125379238,-0.0159214093789087,0.754483115823481,0.1852287378509851,-1.8312079580161889,-6.273040382847031,3.6967770016344144,-0.012749772480731,0,-3.1255864608398607,-0.10255772731999,0.0617324676214321
1681856266.4127278,252,146,162,128,0.2214786202628756,0.6137617808391781,2.0246520075259338,0.9760295581028496,0.0699885154324848,0.2060774354875207,0.0363779023263423,-0.986024223748168,0.1625819129059515,0.8120499319223985,0.1898813541047023,-1.814559921310928,-6.16195983303153,3.758714484084973,0.009091409338255,0,2.974670403406449,-0.2075646490346381,0.0715848454650614
1681856266.4466298,236,144,162,128,0.2486562494415784,0.6202285100003474,1.9678800900687936,0.9479007076450148,0.0964124083512028,0.3036262438624197,-0.0101372920972666,-0.9434917300586936,0.3312409857185371,0.7805888494686936,0.1908862361968347,-1.5265106206236194,-5.049126988587653,3.1381609902497827,0.032280552442848,0,2.786525561076682,-0.3084962745530992,0.1013629239922061
1681856266.478058,219,143,162,128,0.2714524647050677,0.6261943655459526,1.9283608871645244,0.9127349818202036,0.1358212295007838,0.3853147370378768,-0.0690641232727218,-0.8782548832033579,0.473179148955263,0.6650780497575169,0.188373776727465,-0.9883989362676326,-3.2199173324495134,2.020191930338159,0.0456433904908511,1,2.603181251170116,-0.3955488711856612,0.14772286182331
1681856266.5154717,211,143,162,128,0.2930308348228129,0.633074965907199,1.9054322731718163,0.9325037944715482,0.1071319349931229,0.3449049460370119,-0.0338917917312201,-0.924819810361867,0.3788926824517572,0.505229277850499,0.1785293188971269,-0.3062217881442493,-0.6941333681166459,0.476581522176738,0.0665819532964083,0,2.726076336585867,-0.3521375152034283,0.1143848351059733
1681856266.5495274,197,143,162,128,0.3077069417805259,0.6388097678529426,1.906071611463116,0.948634015817326,0.0851707306960781,0.3046956689337574,-0.0063634378259433,-0.9577507313620318,0.2875292041419947,0.3769664547916719,0.1591270715613521,0.2576568028899549,1.2398457830959686,-0.6672213068618774,0.1003109991833409,0,2.834924569957576,-0.3096188884066793,0.0895424146399039
1681856266.583068,172,143,162,128,0.3183495501024408,0.6436336489362017,1.9238130437293643,0.962580362990502,0.067687719940294,0.262406968951585,0.0162213140996865,-0.980959515767437,0.1935337112603262,0.2740549647882015,0.1304590893143833,0.7288941833964468,2.7499393044242297,-1.5185487712327663,0.1444410354818207,0,2.939661167345013,-0.2655157388082878,0.070203471547155
1681856266.6165938,150,143,162,128,0.3259849500019858,0.6473209447474151,1.955723791797692,0.974426927228599,0.0545370649847882,0.2179859445805531,0.0340313186243049,-0.9947274885633204,0.0967424046072901,0.1948020724320496,0.0925619730632563,1.1145118740225162,3.9290430562814342,-2.1322248036280547,0.1959448478281432,0,3.042303395294072,-0.2197503101373514,0.055910017740539
1681856266.65055,142,142,162,128,0.3314497797106879,0.6495764895495637,1.9996479368276088,0.9841448809323056,0.0457880423732422,0.1713543361294519,0.0469931030155157,-0.9988907664197,-0.0029807768178843,0.1368496086847844,0.0433462260812418,1.427365001356601,4.835409674342925,-2.53322163197757,0.2511615750142198,0,-3.138567123010793,-0.1722041734718442,0.0464921861237425
1681856266.6844568,142,137,163,128,0.3354263041360455,0.650018100001876,2.052295070943541,0.9914387689693092,0.0417489945307166,0.1237181831433636,0.0546783575479407,-0.9931746588348328,-0.1030260853578982,0.1046643700116218,-0.0128963420786124,1.6426241817392035,5.411337433214157,-2.690387044974775,0.2969175197029068,0,-3.037581495251609,-0.1240359859833799,0.0420846404993076
1681856266.7186165,158,135,163,128,0.3387475838782531,0.6483024797051095,2.11129892421742,0.9962601452474288,0.042477043046095,0.0752424335440644,0.0570115468039522,-0.9775111711153094,-0.2030310170289198,0.0949633495490214,-0.0814101105965232,1.7815393743685533,5.667352284197015,-2.60873730339345,0.3200659774093952,0,-2.9365507445561185,-0.0753136115803945,0.0426106896138966
1681856266.7528431,178,130,163,128,0.3422045268082921,0.6440745956250187,2.17348111691457,0.9984866228805468,0.04802639777277,0.0267941979833818,0.0538746812380154,-0.9520436552746144,-0.3011816680557664,0.1091963738730726,-0.1582361038968699,1.832367239661808,5.586524955236401,-2.273798681183275,0.3021996829693977,0,-2.835547592020552,-0.0267974050750963,0.0480621483846315
1681856266.7613747,180,129,163,128,0.343182289074683,0.6425905665205458,2.189113679532527,0.9986317093881488,0.0501540084291008,0.0148082559066974,0.0522426397161167,-0.9442071084432508,-0.3251824764047533,0.1185385289601981,-0.1844431036578801,1.8309543454786763,5.530545986571296,-2.1794797635744563,0.2920872843422938,1,-2.8103502588898066,-0.0148087971634671,0.0501805655355116
1681856266.797961,181,128,163,128,0.3481641609305351,0.6342085434046427,2.2557096638233323,0.9986009000742416,0.0501642326633786,0.0167269881391964,0.0528759288530684,-0.9435799438160196,-0.3268960473546329,0.1506788500791152,-0.2658500742933472,1.8105630318514956,5.230750403940564,-1.71747015942666,0.2215625837948223,0,-2.808526947959674,-0.0167277682507009,0.050192323924829
1681856266.8316245,170,128,163,128,0.3538292955058318,0.6237593836039251,2.3161774778154918,0.9985694583377988,0.0501703897062422,0.0184924003763552,0.05346136468946,-0.9429999589050724,-0.3284706379428344,0.181133237263287,-0.3428858852625024,1.7847730127834474,4.932610526200167,-1.3204029804195607,0.1323883151335085,0,-2.8068492616885083,-0.0184934545094614,0.0502000520064704
1681856266.8665392,153,128,163,128,0.3607142057294183,0.6103711868904825,2.377897754474714,0.9985337158362092,0.0501734845533704,0.0203233802824479,0.0540713290041682,-0.9423954614659108,-0.3301016291813415,0.2094340366577978,-0.4143621370666721,1.7536296419679258,4.6148107738573,-0.9593166328870892,0.0272886752600546,0,-2.805109172045918,-0.0203247796033265,0.0502049374858174
1681856266.9003446,152,128,163,128,0.3682787232238153,0.5951417228368832,2.436524428987859,0.9984960703307088,0.0501732879809987,0.0220961242599021,0.0546645953257418,-0.9418073071902494,-0.3316787272963473,0.234635719518693,-0.4778936938567042,1.718358253837701,4.294174856575472,-0.6516808138988949,-0.0813239364906884,0,-2.803424315201813,-0.0220979226855817,0.0502066307709273
1681856266.934577,155,128,163,128,0.3767580099382758,0.5776571551077828,2.494587696739124,0.9984549030486306,0.0501698876143753,0.0238911899015208,0.0552680413259767,-0.9412088561815702,-0.3332736603054171,0.2575819411904047,-0.5356115046037178,1.6780445840996294,3.960048236330765,-0.3828570763566437,-0.1915421305840515,0,-2.8017181093593666,-0.0238934632900531,0.0502053003116175
1681856266.968119,182,128,163,128,0.3857874107389898,0.5587139487392945,2.550044889262823,0.9984115930820576,0.0501634312569151,0.0256499700561331,0.055861933944936,-0.9406196805028264,-0.3348343784420783,0.2778335607796451,-0.5864136378844316,1.6336308136524376,3.6204352907692336,-0.1555785094745555,-0.2966594645661441,0,-2.800046241417065,-0.0256527834980098,0.0502010241589314
1681856267.0016265,207,128,163,128,0.3954429645175393,0.5381990924955233,2.603867278385545,0.9983653894865534,0.0501538935493758,0.0274068611336836,0.0564578025169832,-0.9400283487872788,-0.3363914683983771,0.2957799807053503,-0.6312810430617568,1.5845267541009085,3.2601359078805787,0.0426856441790428,-0.3979820002306526,0,-2.798375999285182,-0.0274102933407787,0.050193814252447
1681856267.0352666,209,128,163,128,0.4056982931746611,0.5162023675105493,2.656156177936231,0.9983160494731936,0.0501412134490555,0.0291706029778751,0.0570586227620386,-0.939431907113564,-0.3379526674927601,0.3115268582194137,-0.6704765780376161,1.5303604095239802,2.9032680264430653,0.2021765213617677,-0.4865595443689803,0,-2.7966990531151734,-0.0291747415575398,0.0501836213080621
1681856267.0689106,209,128,163,128,0.416440053829149,0.492999028746408,2.7065405228159967,0.9982637441925424,0.0501254206673765,0.0309344344316202,0.0576621074795201,-0.9388326248264754,-0.3395119790558947,0.3250126332463589,-0.7038439985042649,1.4711502438584958,2.526123983846751,0.3368356380673079,-0.5667739530111167,0,-2.7950218098084383,-0.0309393702864027,0.0501704658792604
1681856267.1038551,205,128,163,128,0.4280276190975185,0.4678381476903219,2.756677601107485,0.9982062836019108,0.050105723323551,0.0327663221598928,0.0582916662351628,-0.938207243905279,-0.3411293730114563,0.33640664418091,-0.7317920924943895,1.4054988534636923,2.1358395256060496,0.4448858564730767,-0.635279715517174,0,-2.7932796048854533,-0.0327721881556763,0.0501536659145489
1681856267.1387455,202,128,163,128,0.4399492893630577,0.4418586253239041,2.804328464912734,0.9981457270187144,0.0500827078811758,0.034595230965718,0.0589230366963441,-0.9375798546283416,-0.3427420195155238,0.3455027345132354,-0.7537961357353347,1.3333730120758849,1.7473940645279766,0.5252834794254834,-0.6892936927945297,0,-2.791539960138113,-0.0346021354533503,0.0501337033245642
1681856267.1754189,194,128,163,128,0.4527643950593333,0.4138723332994077,2.8516235547278286,0.9980786458164344,0.0500549096654024,0.0365174312297785,0.0595896673264273,-0.9369172037461722,-0.3444346452846749,0.3522761041716538,-0.7697592648390346,1.2526057634329466,1.2968997911807676,0.589289712289379,-0.7352835409130994,0,-2.7897112582887718,-0.0365255522417797,0.0501092853694494
1681856267.209347,190,128,163,128,0.4647938189455258,0.3875820568075467,2.892653739504949,0.99801345557417,0.0500259005836824,0.0382955841278861,0.0602091294437365,-0.9363012364620454,-0.3459983458504863,0.3560267847850802,-0.7780780386748005,1.1745059141395608,0.8865519332963883,0.6237267695103035,-0.7628171461264892,0,-2.788019283443588,-0.0383049507200776,0.0500835590983392
1681856267.2430575,190,128,163,128,0.4768304951655057,0.361288831478598,2.930659980495355,0.9979457042348,0.0499939444854414,0.0400621631230337,0.0608272136037895,-0.9356864466754202,-0.3475498864812439,0.357516760040013,-0.7805557544522544,1.0904677534209235,0.4475158271656538,0.6382722820511896,-0.7785220475113784,0,-2.7863380016823998,-0.0400728873447886,0.050055011962329
1681856267.2769086,188,128,163,128,0.4889232316242036,0.3349167957591092,2.965892653146065,0.9978746822195144,0.0499587126081432,0.0418359369423093,0.0614504774414612,-0.935066312361152,-0.3491057580584046,0.3566837598550544,-0.7770593944116252,1.0021144358515162,0.0278436888394784,0.632651800139659,-0.7815421627135668,0,-2.7846495308562966,-0.0418481504251218,0.0500233500158895
1681856267.3106928,181,128,163,128,0.5009191927155523,0.3088304109096873,2.9979633293240244,0.9978008158880024,0.049920411036081,0.0436060130627123,0.062075102264014,-0.9344446324119376,-0.350656399678419,0.3534820334955065,-0.7674440884743373,0.9076165708477084,-0.418919400836273,0.6073037940011743,-0.7732200580428443,0,-2.782964217836325,-0.0436198442596467,0.0499887569512951
1681856267.3450508,162,128,163,128,0.5129631662545722,0.2827490029836938,3.027242624264148,0.9977226369541392,0.0498782424136326,0.0454059538277278,0.0627129917530416,-0.9338095549532848,-0.3522311680464002,0.3479012982117987,-0.751702011805938,0.8081486853352632,-0.8873968426508893,0.5604952336817972,-0.7531004330608518,0,-2.7812500779247147,-0.0454215705681075,0.0499505079959483
1681856267.378988,152,128,164,128,0.5246250576415566,0.2576376023085154,3.052694377899956,0.9976423888001948,0.0498334063316045,0.0471836378677098,0.0633456925655578,-0.9331794506811738,-0.3537844485838421,0.3400449753691407,-0.7301154824678718,0.7049507535705948,-1.3778703036839557,0.4901342509669767,-0.7209869467061575,0,-2.779556724153472,-0.0472011628854127,0.049909689143137
1681856267.4131005,150,128,164,128,0.5360314729129018,0.233256070358348,3.074636205801139,0.9975586953425496,0.0497851501452,0.0489702784502038,0.0639842846200277,-0.9325432872292934,-0.3553435362649043,0.3296034304107992,-0.701840747345558,0.5944054414380335,-1.8611904691655372,0.3997944228433907,-0.6796519918945165,0,-2.7778544071371534,-0.0489898721094563,0.0498656155493552
1681856267.447302,149,128,164,128,0.5470687948292419,0.2098849260685213,3.092802468380412,0.9974717329593,0.0497335587680691,0.0507613541922796,0.0646271833465368,-0.9319026409130472,-0.356904462051095,0.3169395620209599,-0.6678643128422216,0.4805990514424857,-2.364948357254801,0.2833971006329029,-0.6277496975371164,0,-2.776147408458925,-0.0507831790993509,0.0498183620190861
1681856267.4811368,144,128,164,128,0.5575147960379131,0.1880284931482581,3.106832228226142,0.9973826988958564,0.0496793594739547,0.0525329723647475,0.0652657795036083,-0.931266093140119,-0.3584464280660717,0.3019473697167235,-0.6278950507161571,0.3621472360161384,-2.8822207102165422,0.1398302111236922,-0.5666507777235065,0,-2.77445848375883,-0.052557165077117,0.0497685949466519
1681856267.5151265,144,128,164,128,0.5674551446842906,0.1675435163825802,3.116813653546977,0.9972902485723716,0.0496217462687113,0.0543124516082701,0.0659098951532739,-0.9306238551218758,-0.3599932304904941,0.2846847191424517,-0.5820852794577722,0.2393820759538256,-3.4138579955586468,-0.033882736434873,-0.4974707374495719,0,-2.772761572901999,-0.0543391893113338,0.0497155740422025
1681856267.5494845,143,128,164,128,0.5768578892098634,0.1485454360863686,3.122545404593033,0.9971937323770588,0.049560284384283,0.0561109465225771,0.066563630222204,-0.9299718345292616,-0.3615545188680698,0.2648458724816687,-0.5296256838245673,0.1102587137679777,-3.980601176315501,-0.2493720102699294,-0.4190811988500597,0,-2.7710460059605566,-0.0561404319589584,0.0496588951842541
1681856267.5838432,150,128,164,128,0.5855296209692205,0.1314772514988774,3.1237254166766446,0.9970941341990266,0.0494955798136446,0.0579091972384812,0.0672200281154581,-0.9293169666391264,-0.3631135405583361,0.2421720259011921,-0.4698395252667229,-0.0264192704231428,-4.539659007614477,-0.4937395567214888,-0.34013948042708,0,-2.769330124573948,-0.0579416123542297,0.0495991139594595
1681856267.617557,164,128,164,128,0.5932479645389106,0.1168113858277229,3.1202935542498835,0.996993412269157,0.0494289394029022,0.0596734098355936,0.0678666764542492,-0.9286716402274277,-0.3646410548256375,0.2180978343672109,-0.4065048255160084,-0.1623154109240106,-5.098557273679648,-0.7705082310796794,-0.2633601218151196,0,-2.7676461689574663,-0.0597088820378621,0.0495374392652805
1681856267.6513958,169,128,163,128,0.6001282832145325,0.1043686600289381,3.1121137410230664,0.99688933632972,0.0493589145670452,0.0614438659660431,0.0685182781562402,-0.9280211866961772,-0.3661719850036629,0.1913830686525428,-0.3363529416146366,-0.3048045029690238,-5.611187367758537,-1.053134067020562,-0.1985949082583512,0,-2.7659556818312603,-0.0614825938000618,0.0494725312368872
1681856267.6850803,167,128,163,128,0.6060367113930544,0.09445020593153,3.0990978192726817,0.9967827695532864,0.0492860875397982,0.0632059482699142,0.0691694499616815,-0.927370980057302,-0.3676936939077928,0.1625978475087701,-0.260881731800902,-0.4507976338897976,-6.264118282319426,-1.4518203589998542,-0.1303061890539043,0,-2.764272600403691,-0.0632481086495075,0.0494049281203621
1681856267.718841,156,128,163,128,0.6109386063394102,0.0871813179629654,3.0810115717327644,0.99667299348347,0.0492099711342218,0.0649717077016471,0.0698246360530696,-0.9267165833457116,-0.3692165954451497,0.1313599637437803,-0.1790883986239052,-0.6022780648980585,-6.858297306828501,-1.8489070422638776,-0.0888028326681949,0,-2.762585395370264,-0.0650175058448969,0.049334176371961
1681856267.733885,154,128,163,128,0.6127734694281467,0.0848568398806233,3.0712842794143604,0.9966231198894672,0.0491750459365073,0.0657584348880654,0.0701174080333428,-0.9264241057286118,-0.3698944787579671,0.1157217995155935,-0.1381765797309804,-0.6758562840018921,-7.082393278080311,-2.006232269634228,-0.0795736786936469,1,-2.761833465192783,-0.0658059191392546,0.049301682811909
1681856267.7699175,152,128,163,128,0.6164116558713562,0.0811645759917599,3.0450136547643907,0.9978020460857394,0.0662650789967623,0.0001270144260146,0.0653739436352641,-0.9840666374571846,-0.1653453976900571,0.092367399764762,-0.0847427178926346,-0.7434972788330411,-7.152348681591744,-2.2452746737379345,-0.0509322203703535,0,-2.975484433011152,-0.000127014426356,0.0663136712739685
1681856267.8039815,152,128,163,128,0.6195106435028578,0.0780030414273355,3.0216094973910623,0.9955632049414952,0.0690591204205847,-0.0639119930322431,0.0714039590236803,-0.9968276085714578,0.0351595424522739,0.093334545171922,-0.1104468912452364,-0.6144790296962767,-6.266897911375898,-2.076922299538132,-0.0025388728477512,0,3.106353788864691,0.0639555838818404,0.0692559481403052
1681856267.8390627,144,128,163,128,0.6232098309726067,0.0722838805672925,3.0059707331122008,0.9899569921908457,0.0582238238777249,-0.1288221252173329,0.0880100830313493,-0.9669495089404246,0.2392966202115842,0.1179363199082274,-0.2137100713111785,-0.2908350654783286,-4.501946546152088,-1.5675312938949366,0.0818195564794526,0,2.8978799594371503,0.1291811161422951,0.058746822784691
1681856267.8701763,135,128,163,128,0.627612503431892,0.0628559540483594,3.0049609130649464,0.9823909448812028,0.0373679822150868,-0.1830619166309314,0.1109480015273374,-0.9050143329411988,0.410657519264029,0.1628933258342873,-0.3824393213374952,0.1932764624877096,-2.249629223400849,-0.8578189526906597,0.1900365758093804,1,2.710662228210427,0.1841001018281249,0.038019462404519
1681856267.906005,116,128,163,128,0.6345650265820466,0.0450526909100576,3.0232332559679373,0.9884023122588133,0.0359493351712916,-0.1475415684550425,0.0811319723905285,-0.9463001641372036,0.3129434492203409,0.2173693643771183,-0.5830508078881326,0.7446485135134854,0.6561066041337656,0.0697175545319503,0.3245081232929895,0,2.819653960094278,0.148082174526948,0.0363551312095138
1681856267.939725,91,128,163,128,0.6426735593554989,0.0224710336329507,3.055966239801846,0.9929646406248344,0.030992759805199,-0.1142832940917025,0.0553498858217531,-0.9746934695447802,0.216584926913849,0.2564064726792565,-0.7300642152914142,1.123852219461822,2.6021157642443304,0.6884908925843135,0.4060243541823333,0,2.9218143075296283,0.1145335370767484,0.0312022200215908
1681856267.973426,76,128,163,128,0.6518424241953815,-0.0041899661679613,3.09862781917161,0.9964085516450878,0.0225888223952156,-0.0816072503600982,0.032098892438487,-0.992592721267495,0.1171723123908183,0.2823128612896269,-0.8319392257516339,1.3545468308769817,3.960038943699772,1.123388052952134,0.455796377704836,0,3.02375569688383,0.0816981034571899,0.0226663588800921
1681856268.006765,72,128,163,128,0.6615266504585664,-0.0330987356219362,3.145714009488275,0.998678249050928,0.0109778393139472,-0.0502119698535158,0.0118403432588942,-0.9997868695749068,0.0169121760019411,0.2949513810192993,-0.8880034663437567,1.4361577272241557,4.650617780046384,1.3526156273244063,0.4743908692329381,2,3.124658307973821,0.0502330932485557,0.0109919257756297
1681856268.0413618,69,128,163,128,0.6717621421147332,-0.0641825423668406,3.1945138151545462,0.9998099076104472,-0.004395773527621,-0.0189954157386362,-0.0060497739605471,-0.996109752553995,-0.0879133727134018,0.2945655458408324,-0.8997188262093999,1.3684021967690951,4.8829353423088975,1.456124688412869,0.4636475656402981,0,-3.0535497149462163,0.0189965582635667,-0.0043965809608423
1681856268.075246,67,128,163,128,0.6815154411497636,-0.0941325128399603,3.2371042006370088,0.999696934178271,-0.0225544167285551,0.0098660063146611,-0.0202687080655553,-0.9815511532360696,-0.1901223633723705,0.2806564101707133,-0.86483216914182,1.148251957195602,4.446378475049851,1.3636568224239076,0.418486633531873,0,-2.9502964461893835,-0.0098661663780252,-0.0225574274728066
1681856268.1094303,66,128,163,128,0.6906231153229362,-0.122271454375329,3.26965413584849,0.998359576594718,-0.043764386394062,0.0369165857734325,-0.0311294237530924,-0.956051927823197,-0.2915401692431922,0.2533004175685803,-0.783695268950929,0.7761390359560262,3.4042471046155622,1.1028302775146783,0.3342871748994778,0,-2.8455481935081544,-0.0369249761182977,-0.0438082498963167
1681856268.1334727,66,128,164,128,0.6963401267219037,-0.1399595222170029,3.2834734988558503,0.996691062821962,-0.0602846856777423,0.0545223070271611,-0.0365998222924938,-0.9317734208043524,-0.3611907325648234,0.224945900602176,-0.6956038162228844,0.4098521367599265,2.4409962169083337,0.8544175608179261,0.2594625208252593,1,-2.771471069949329,-0.054549356139709,-0.0604112281360113
1681856268.1694918,74,128,164,128,0.7035530264313915,-0.162237417494516,3.288239124649268,0.995628863432638,-0.068094258691926,0.0639244728803494,-0.039027508197931,-0.9251355917646392,-0.3776254631962086,0.1800343594953309,-0.5559061467302189,-0.0630563017295109,0.8389094371932777,0.4329123437418619,0.131510285941174,0,-2.75352615935632,-0.0639680893017919,-0.0682868736435462
1681856268.203344,96,128,164,128,0.7088721294357111,-0.1786987153523963,3.281214604634497,0.9944918539531878,-0.0755739024616395,0.0726260124712245,-0.0411093937346138,-0.9186245894529362,-0.392987126251226,0.1393889479379156,-0.4328509118361124,-0.2891653038574043,-0.0291355456221835,0.1920736328281634,0.0581206720804141,0,-2.736582973867422,-0.0726900092602693,-0.0758467030106608
1681856268.2415805,103,128,164,128,0.7132717220961006,-0.192508331409456,3.269466880845856,0.9930465413981154,-0.084181323630658,0.0822925960766324,-0.0432270297380971,-0.9109562116880476,-0.4102318908702528,0.0963989499741141,-0.3068242669249095,-0.2815600835029758,-0.4180848446900383,0.061615838529314,0.0227788002116665,0,-2.717352903155111,-0.0823857621631092,-0.0845685881009184
1681856268.2605183,108,128,164,128,0.7148497175814161,-0.1976122347449657,3.265322994258388,0.9922676539904868,-0.0885056425721795,0.0870152519797587,-0.0441836704968362,-0.9070359382193434,-0.4187285636781693,0.074265643212682,-0.2438585814730495,-0.1629114408454374,-0.4019069409535644,0.0476884815324691,0.0231590116788228,1,-2.707791548482412,-0.0871254360494484,-0.0889599141963358
1681856268.2964709,135,128,164,128,0.7165388930942377,-0.2042649473479412,3.264482354635608,0.9922257373185374,-0.0874412303062481,0.0885557307305102,-0.0438642775353178,-0.9116257863745316,-0.4086738929431651,0.0183980206142979,-0.1343371751552777,0.0828097494224406,-0.2978426892359677,0.0374121713243853,0.0029960668503208,0,-2.718825205998592,-0.0886718851762355,-0.0878992677079003
1681856268.330369,155,128,164,128,0.7155045412143681,-0.206611431416549,3.270750513532626,0.9921853246190756,-0.0864220638415904,0.0899972693580176,-0.0435680128072864,-0.9158509991214948,-0.3991475612704955,-0.0744831631458477,-0.0165195074603695,0.2552402211412064,-0.2692490829485561,0.0215578005343593,-0.0629698453684196,0,-2.7292312610472824,-0.0901192032462117,-0.0868834612622425
1681856268.3645854,158,128,164,128,0.710549500306501,-0.2047358129095347,3.28170163737209,0.9921436597566,-0.0853781098649149,0.0914414389687461,-0.0432738004217313,-0.920014655552528,-0.3894873704828225,-0.2060217822266744,0.1127989573040368,0.3613873108178456,-0.3017196366777995,-0.0001867255252527,-0.1743641816947996,0,-2.739737902582225,-0.0915693526810825,-0.0858427000059949
1681856268.374146,159,128,164,128,0.7082850277218956,-0.2033986836224284,3.285280198980653,0.9921318618654368,-0.0850836960874272,0.0918429819394198,-0.043192465560395,-0.9211598028524772,-0.3867803362731868,-0.2581930679675355,0.1581973252335633,0.3818164791675089,-0.3196242572607125,-0.0067283459668698,-0.2102835620495076,1,-2.742674138497821,-0.0919725924880587,-0.0855491411146568
1681856268.4076843,165,128,164,128,0.6970595402462605,-0.1958982069463428,3.2987356666004666,0.9932915174280256,-0.0679621755128308,0.093558025337719,-0.0277187044991325,-0.9254111985763288,-0.3779494502845747,-0.3967066958677102,0.2772250931276628,0.4137294146390828,-0.3759853538698696,-0.0324099666386318,-0.3361473448888567,0,-2.75221307940476,-0.0936950529537872,-0.0683147064164607
1681856268.441435,172,128,164,128,0.6813083690893809,-0.1844409885682942,3.3128403048811323,0.9941740112456088,-0.050699572448818,0.0951188136875304,-0.0120883946036177,-0.9293477571893594,-0.3690076109283043,-0.5161904998967147,0.384266311033883,0.4164357841379966,-0.4061761743141967,-0.0583669587519154,-0.4369340413132367,0,-2.761842602605452,-0.0952628334767544,-0.0509525390177062
1681856268.4749897,174,127,164,128,0.6621958309111329,-0.1698514006051428,3.326340840084533,0.9947681353276028,-0.0335110985238714,0.0965057677683979,0.0035036230468156,-0.9329201505214816,-0.3600662680348193,-0.6067763367166185,0.4710278312281751,0.3866063653786272,-0.4107623423196901,-0.0852117537774477,-0.5150264346815887,0,-2.7714431807600697,-0.0966561979579758,-0.033674611611125
1681856268.508593,188,127,164,128,0.6405817753256231,-0.1527323375390576,3.3382565176441337,0.9950798785816006,-0.0162776067222064,0.0977296002315773,0.0191652396721713,-0.9361554242427388,-0.3510636911576099,-0.6683502099752802,0.5375419356097174,0.3234746066075548,-0.3932044284013816,-0.1090932712454006,-0.5635582929855507,2,-2.781081777344067,-0.097885843150083,-0.0163566316764477
1681856268.5434732,207,127,164,128,0.6165735824648128,-0.1330447563193821,3.3477676035573736,0.9951035353054696,0.0016251283581183,0.0988246577549165,0.0354654665957237,-0.9391500238995956,-0.3416715283551394,-0.7004764279935748,0.5840053792905299,0.2236937032813505,-0.341238260008197,-0.1399878574166007,-0.5987126916534663,0,-2.7911088011671987,-0.098986227597055,0.0016331234446174
1681856268.5781543,210,127,164,128,0.5921813137642821,-0.1122847391256994,3.353155291905962,0.99482413707642,0.0194334761819429,0.0997360330755255,0.0517104413761616,-0.9417591826157002,-0.3322885375869757,-0.7013405411585336,0.6075749815216683,0.0941438529583427,-0.2657767760040119,-0.1679484278602913,-0.6045788222921378,0,-2.8010977187477226,-0.0999021279541256,0.0195321002833203
1681856268.611905,214,127,164,128,0.5689678883967607,-0.0916686162306414,3.3533682166533487,0.9942623274430034,0.0367650369203589,0.1004527564971043,0.067549851183103,-0.9439447432118456,-0.3231181507867722,-0.6727797498271143,0.6103538835799105,-0.0677323952133536,-0.1650544603191061,-0.1951987041526782,-0.5865765327881083,0,-2.8108337958457854,-0.1006224689835426,0.0369603606592328
1681856268.6462138,234,127,164,128,0.5469299941951976,-0.0710193939209221,3.347358391292845,0.993398349560538,0.0543774340349442,0.1010089786017763,0.0836756058967829,-0.9458081036931494,-0.3137601376309218,-0.6136570890293375,0.5919569963098211,-0.2655614737529733,-0.0368764347194009,-0.2220460679673731,-0.5448120030450565,0,-2.8207428517518096,-0.1011815346653124,0.0546842265893464
1681856268.6801364,238,127,164,128,0.5276980590242436,-0.0516210417023437,3.3341220380740517,0.9922540919403672,0.0717796008324681,0.1013878983504883,0.0996383121435946,-0.9472946245129792,-0.3044751239789382,-0.5255893776486811,0.5528472133062753,-0.4937048631644123,0.1157974659845209,-0.2475014972199891,-0.4806963287422218,0,-2.8305491641546823,-0.1015624097297931,0.0722141475035043
1681856268.7141497,238,127,164,128,0.5119818292332584,-0.0339019306492732,3.312444988987294,0.9908176879255386,0.0892097139070405,0.1015969302612744,0.1156560608278367,-0.9484292811726688,-0.295136534858161,-0.4089948475785049,0.4934551232497981,-0.7524708817690429,0.2915733067231816,-0.2711229637746234,-0.3957201001972764,0,-2.840387185662132,-0.1017725266188056,0.0897943378962635
1681856268.7173858,238,127,164,128,0.5107094475425601,-0.0323323533862166,3.309903348848653,0.9906659648914858,0.0908668300781439,0.101607899285298,0.1171804364580013,-0.9485186547278728,-0.2942466770326191,-0.3931890970914853,0.4850279372834038,-0.7854130553350743,0.29596745462537,-0.2716492320436891,-0.3934740160237705,1,-2.841323355720559,-0.1017835527018742,0.091467041251542
1681856268.7529695,252,127,164,128,0.4993306258300076,-0.0166476562936808,3.27685066052469,0.9903863919480788,0.1002199143884883,0.0953454949330614,0.1250374814064506,-0.94340346173831,-0.3071734634106672,-0.2656662109128664,0.4039477374765717,-1.0276615878089976,0.4460760022081435,-0.2785697590878416,-0.2779851799890298,0,-2.8278935978818383,-0.095490549672337,0.1008494449198253
1681856268.786417,252,127,164,128,0.4923398663511558,-0.0048127778805827,3.239650748840861,0.989989272024511,0.1090799082751586,0.089570167394404,0.1322828262657995,-0.9383697584861014,-0.3193171624480401,-0.1695222576577404,0.3137131276166076,-1.1625719602511837,0.4633000713858061,-0.2540984389137191,-0.1726025109969234,0,-2.8152236399804957,-0.0896903693419042,0.1097402558238904
1681856268.8216102,252,127,164,128,0.4878545563717276,0.0041810496176696,3.197735280728077,0.989431014081668,0.1184709789219591,0.0836115753146384,0.1397574477669,-0.932838967758408,-0.3320832968173956,-0.0991280439725419,0.2089121189259967,-1.197862474512898,0.376435357679852,-0.2030028795660922,-0.0641798981419705,0,-2.8018439205922894,-0.083709303034448,0.1191691308673738
1681856268.8478703,252,127,164,128,0.485813333549796,0.0083283256737112,3.1668207919398115,0.9889207630540736,0.1255223943046373,0.0792455230822532,0.1452339109635867,-0.928556539445708,-0.3415989814956009,-0.0634445561577322,0.1154582248939852,-1.1496483895046632,0.2379266286368374,-0.1450266838046429,0.0236980403986314,1,-2.7918280685473964,-0.0793287000549616,0.1262535368809806
1681856268.8813586,252,127,163,128,0.4841928226266482,0.010346718519338,3.13017243671698,0.9897412265202096,0.1208466929414215,0.0762127373304024,0.13974563456726,-0.9298228825665954,-0.3404417199388774,-0.036389963804591,0.0176634929875573,-1.0450704492625178,0.0542800687422437,-0.0732272123021483,0.1214813498889759,0,-2.7931496891742675,-0.0762867096140882,0.1214978905485564
1681856268.9150295,252,127,163,128,0.4834353181457896,0.0094258513706873,3.097444533122664,0.9905345155158222,0.1161364084889839,0.0731690385006884,0.1342246531728503,-0.9310672630188428,-0.3392602160808559,-0.012464936056428,-0.0579383278494043,-0.9121121575069552,-0.0778100685615977,-0.0231663466980957,0.1858986415595657,0,-2.794492823225178,-0.0732344839061416,0.1167133404202167
1681856268.9493427,252,127,163,128,0.4833910127943086,0.0064526248574132,3.069117870606817,0.9913102597065624,0.1113270706983173,0.070073192664815,0.1285956918549825,-0.9323055553240356,-0.3380377191206342,0.0066908226562448,-0.1046977215942464,-0.7545463249956595,-0.1553203665632128,0.0038242955484823,0.2157629024820247,0,-2.7958763211592457,-0.0701306659255591,0.1118343750657486
1681856268.9827948,252,127,163,128,0.4838880923195647,0.0025565311281177,3.0471386920933363,0.9920347533460344,0.1066296588152731,0.0670608978064844,0.1231056085053884,-0.9334837436474857,-0.3368280117513883,0.0205540877658131,-0.1214342677745683,-0.577035906775053,-0.1852509042129398,0.00919564474196,0.2113767226562545,0,-2.797239408556876,-0.0671112637760864,0.1070747207037099
1681856269.0039475,252,127,163,128,0.4844031803739214,2.231380743571596e-05,3.0364488599671087,0.9924766676035548,0.1036549457796536,0.0651591626554565,0.1196329294766996,-0.9342139395289324,-0.3360539798524268,0.0267952589807191,-0.1169830230759445,-0.4526377180807558,-0.1809251264150574,0.0046501165733739,0.2002583135147739,1,-2.798108615614293,-0.0652053588596193,0.1040634125157465
1681856269.0401988,252,127,164,128,0.4855910381345188,-0.0038459410616041,3.023897606980994,0.993233721636567,0.0975367173336043,0.06303461728098,0.1130114191258229,-0.936763720411162,-0.3312131508086692,0.0384992727265464,-0.0985790064675825,-0.2728642630546974,-0.1615127726615754,-0.0051584544813492,0.174276124770864,0,-2.803304097012442,-0.0630764353311952,0.0978873210885015
1681856269.0769906,252,127,164,128,0.4873996313440729,-0.0070723700544204,3.016365630683974,0.9939578498928536,0.0913107911862343,0.0609108532965973,0.1062823636323381,-0.9392807583566094,-0.3262755218550057,0.0586785481213913,-0.079206756786722,-0.1638012381485364,-0.1463863942640046,-0.0009717104475729,0.1717128542876739,0,-2.808589710998006,-0.0609485808705223,0.0916087302897753
1681856269.1120658,252,125,164,128,0.489952635408594,-0.0094956516408392,3.0113547695074483,0.994606670280622,0.0853603275340713,0.0589167710976278,0.0998594618460418,-0.9416138113934832,-0.3215455147764577,0.084371318696626,-0.0614777882913317,-0.1369417892214553,-0.136732503041171,0.0138677831963256,0.1884983156919274,0,-2.813640454435917,-0.0589509096277718,0.0856134129595394
1681856269.125857,252,123,164,128,0.491233783364013,-0.0102747355145148,3.0093897680787856,0.9948506708421134,0.083016721073994,0.058140921450558,0.0973320326044698,-0.9425133242808336,-0.319679697481987,0.0983358482275996,-0.0534281838031252,-0.1479599429823989,-0.1337406485938876,0.0226594554305028,0.2000963347789081,1,-2.8156294813101668,-0.0581737276516654,0.0832535317635236
1681856269.1619098,252,119,164,128,0.4953988533190913,-0.0118241882610833,3.003103817129243,0.9953741935396264,0.0784902229530604,0.0554030661255989,0.0921283563345672,-0.9433667056099532,-0.3187030352941675,0.1293546578379124,-0.0336418263885995,-0.1990158717759153,-0.1239799800628743,0.0445726968423029,0.2301523286581794,0,-2.816714523200852,-0.055431448629952,0.0786921549762566
1681856269.1960173,252,119,164,128,0.5003296897052046,-0.0125378233499292,2.9950851112940446,0.9958435317149688,0.0742025085424246,0.052817119075818,0.0872042656432338,-0.9441507160413124,-0.3177653874359207,0.1558622491298293,-0.0104625584148298,-0.2656155119212317,-0.1133185770665182,0.0550811076013862,0.245617876100552,0,-2.817752392728765,-0.0528417068167157,0.0743747747445865
1681856269.2301478,252,119,164,128,0.5060950491542359,-0.0123886653246332,2.984473495799114,0.996287931346484,0.0699067025007524,0.0502335624738621,0.0822758193804637,-0.9449125342865304,-0.3168138129777176,0.1786839286417055,0.0166787461336959,-0.3492365891915851,-0.100439114168178,0.0576903764743947,0.2512033570208821,0,-2.8188020239874683,-0.0502547131523429,0.0700523524127088
1681856269.263575,252,118,164,128,0.5124219800941855,-0.011281533976728,2.971031991176424,0.996698671895316,0.0656945054085594,0.0477073306865756,0.0774480763905879,-0.9456366001828144,-0.3158689852740937,0.1975417047839968,0.0474639034553716,-0.4489059624785281,-0.086103658959872,0.0525048278625224,0.2468729363730918,0,-2.819840738100768,-0.0477254461429803,0.0658169012900549
1681856269.297359,252,118,164,128,0.5193746866254542,-0.0090720008875352,2.953840874103802,0.9970891485844106,0.0614325328102088,0.0451583180348661,0.0725680858982412,-0.9463461983977288,-0.3149011681261794,0.2121556173243934,0.0808958793953933,-0.561168706013263,-0.0695158769218204,0.0393514031179885,0.2325024500554748,0,-2.820901297703658,-0.0451736804983913,0.0615340928714517
1681856269.3311057,252,118,164,128,0.5267542161740939,-0.0056460824391649,2.932508518330905,0.9974544487191505,0.0571705159067813,0.0426163682325023,0.0676928586327966,-0.9470327222445912,-0.3139214868213373,0.2232927421056879,0.1183690437976431,-0.6905989337033834,-0.0508993007552374,0.0180684899034235,0.2078172650267526,0,-2.821971481992484,-0.0426292784403234,0.0572537764549319
1681856269.3648534,252,122,164,128,0.5344420506202421,-0.0008772861766617,2.9064752466011425,0.9977950154594272,0.0529037569014473,0.0400786680172157,0.062817013143577,-0.9476969655747672,-0.3129288805784765,0.2307826201961498,0.159776579306653,-0.8369228743469955,-0.0308506397624428,-0.0106097857976593,0.1736623179428263,0,-2.823052474157417,-0.040089405505393,0.0529710665442023
1681856269.3988388,252,123,164,128,0.542367646616027,0.005408274062012,2.874959347248377,0.998112965800492,0.048602387969163,0.0375275283577349,0.0579064689737928,-0.9483433334146812,-0.311916275335094,0.2345376480706566,0.2049379517347002,-0.9995402646467528,-0.0089811869589911,-0.0471812129357604,0.1294483269836007,0,-2.824151963076694,-0.0375363423772809,0.0486558435349504
1681856269.432503,252,123,166,128,0.5502737155545833,0.0132264940575367,2.8379557407117924,0.9984031550089788,0.0443372699408359,0.0350049505400445,0.0530421047033134,-0.9489612629077236,-0.3109003966372849,0.2345407388693374,0.2539598529628903,-1.1788530911167747,0.0147113364171375,-0.091803448958036,0.0749764211590649,0,-2.825251819823703,-0.0350121033508172,0.0443790251560572
1681856269.46745,252,123,177,128,0.5584047857861167,0.0231516678292681,2.792872619096082,0.9986783277976224,0.0399051324583535,0.0323910171316973,0.0479922981188087,-0.9495792089385362,-0.3098323179930381,0.2306253344927898,0.308112165971498,-1.379620674750184,0.041080407714422,-0.1465074707625688,0.0077506404139511,0,-2.8264049006036425,-0.0323966837978879,0.0399366979971681
1681856269.5013604,252,125,183,128,0.5660895553030328,0.0346734854657928,2.7420687814565743,0.9989199417094136,0.0356001642772131,0.0298593094142802,0.0430922896012879,-0.9501559001722124,-0.3087828038360493,0.2229915967123725,0.3646624836017853,-1.591710939628986,0.0684737557802364,-0.2080874898604913,-0.0682695844420145,0,-2.8275347962982287,-0.0298637481810697,0.0356235792080779
1681856269.5351937,252,125,182,128,0.5734267180617962,0.048152333898331,2.683899655006584,0.9991360682548897,0.0313009239436215,0.0273380553887154,0.0382036117870902,-0.9507087558543872,-0.3077228389122665,0.2115139585337777,0.4252874071540419,-1.8213427990898152,0.0969809341768964,-0.2766178463077174,-0.1531153237673497,0,-2.828672917700808,-0.0273414618049001,0.0313177463413882
1681856269.5455997,252,124,181,128,0.575597414924893,0.0527157684855093,2.664421558650979,0.9991975322039264,0.0299778151531589,0.0265635508964238,0.0367000666232019,-0.9508742704923882,-0.3073942530780651,0.2066465654970088,0.4471829343287858,-1.9047729314216144,0.1039588735893949,-0.2940089038943106,-0.1749008068237452,1,-2.8290251347781266,-0.0265666758608265,0.0299928938609375
1681856269.5818045,252,123,176,128,0.5826023963160963,0.069791295546441,2.5924959921222963,0.9988533154025,0.0416974463181857,0.0235239724531508,0.0469334796737102,-0.9498309347994188,-0.3092223209662912,0.1780641535657434,0.4841144504802003,-2.015109887026912,0.1090676960766203,-0.3060131920639139,-0.2608518507707126,0,-2.827127481190584,-0.0235261425989186,0.0417210908972158
1681856269.6158426,252,122,172,128,0.5876839509794566,0.0860430244470729,2.5263460807814595,0.9983952476969372,0.0527161724217243,0.0206865787740455,0.0565373911036143,-0.9487372286342424,-0.3109681565861928,0.1226763770966044,0.4639758819516026,-1.8465524590686777,0.0714952456178726,-0.211438417916172,-0.3079544757603718,0,-2.825311097929156,-0.020688054475173,0.0527519182056318
1681856269.6502984,252,119,169,128,0.5903856586007038,0.1007070490410441,2.470565758960686,0.9977989101937524,0.0638690505618773,0.0178347749210548,0.0662409747206823,-0.9475189015586936,-0.3127619933065093,0.0400854284047927,0.387633161218486,-1.402102527218532,-0.0074529945239288,-0.0156478130566044,-0.3295830485273769,0,-2.823440749087978,-0.0178357205348915,0.0639227344184949
1681856269.6781323,252,118,168,128,0.590126830780271,0.1098998482689215,2.440295934623352,0.9972197846313758,0.0728767016773314,0.0155463015661566,0.0740654220429338,-0.9464531384769548,-0.3142304407989851,-0.0501570222996148,0.2802229055695486,-0.8164285565030538,-0.0927013183171857,0.1931645607358453,-0.3285333639606663,1,-2.821906721769232,-0.0155469278587143,0.0729501963083242
1681856269.713705,252,117,168,128,0.5865998329728299,0.1169213286789524,2.4246339194735245,0.9968607387669856,0.0752689982408167,0.0245610547160252,0.0791748869507312,-0.9479533858422842,-0.3084083584251388,-0.1234581635925866,0.1329184755245339,-0.2075800200504056,-0.1973125036752636,0.4127089452025732,-0.2831406313769135,0,-2.827975443825649,-0.0245635247771898,0.075363029571201
1681856269.7478049,252,115,166,128,0.5827139858797008,0.1190441247759203,2.420894995083348,0.996431538452277,0.0776068825085745,0.0331867588795393,0.084024124626324,-0.9493510203548748,-0.3027748117527914,-0.0913785649518013,0.0098263424507645,-0.1044855002862828,-0.2228651034120852,0.3929240640556202,-0.192297203816092,0,-2.8338147775437266,-0.0331928536674723,0.0777278979479206
1681856269.7813983,252,111,165,128,0.5818494834191128,0.1174251748125008,2.411639190877412,0.9959273806847008,0.0799525186465146,0.0416682992764259,0.0887542290531274,-0.9506889847995972,-0.2971752698423885,0.0408534299032737,-0.0910331075902417,-0.4805723726685124,-0.1846539570377366,0.1686319393201467,-0.0498988185011257,0,-2.839589193174312,-0.0416803664514366,0.080107668677633
1681856269.815339,252,110,165,128,0.5873827447999685,0.1127444581443948,2.3804371688654227,0.995336087132751,0.082364954875688,0.0502203928657553,0.0934852177981946,-0.9520014093713348,-0.29146840413365,0.2758769140650658,-0.172322438121259,-1.3420665788474804,-0.0854411291948314,-0.2441804212455429,0.1341077634599083,0,-2.8454461296923603,-0.0502415269009295,0.0825627853869761
1681856269.8297849,252,110,164,128,0.5925325775490478,0.1099945942267845,2.356500806220132,0.9950594566085296,0.0834046367801419,0.0538548454413428,0.0954840317907069,-0.9525479563266194,-0.2890245501181038,0.4168541881088681,-0.2025223640994321,-1.8954016952161303,-0.0322997244391914,-0.4502102038559066,0.2152745144792586,1,-2.8479461045797145,-0.053880912410158,0.0836232784092975
1681856269.8665118,252,109,164,128,0.6129314837479738,0.1019408842214732,2.267088943559186,0.9964583563006266,0.0806970652860026,0.0236374239899359,0.084084367394226,-0.953731211011328,-0.2886634654797492,0.6321389351672176,-0.2191543443348141,-2.7180710121087333,0.0272216677998083,-0.8536930473153029,0.3550059564036461,0,-2.848677805777169,-0.0236396256912505,0.0808075334888846
1681856269.900812,252,108,164,128,0.6342759425073081,0.0956553404935558,2.177062991245424,0.9969366150129596,0.0780782491589182,-0.0046013753139911,0.0734492866322795,-0.9548054864958416,-0.2880133421399932,0.5770561011044208,-0.1422544320827653,-2.392302449426132,-0.0861346319842794,-0.8312336732875976,0.3108755643357481,0,-2.849437845608403,0.0046013915513678,0.0781586269572606
1681856269.9201882,252,108,164,128,0.6438404499587668,0.0938572889577901,2.1382097242142137,0.9968530374064708,0.0765611945447956,-0.0205525011462748,0.0674496350058326,-0.9553988674434868,-0.2875126968070848,0.4198734290187981,-0.0523723303795252,-1.668272175561586,-0.2036005339129561,-0.6832151464010189,0.2297971334581907,1,-2.849900365575968,0.0205539483356238,0.0766524105967491
1681856269.958249,252,109,164,128,0.6529859241771805,0.0950528643022204,2.1060687020452367,0.9965551290699152,0.077803362545096,-0.028714308299536,0.0669753131515112,-0.9592161844299528,-0.2746245053812565,0.1138019955251365,0.0820855431962661,-0.2534561327307663,-0.4036658274657654,-0.336289850335751,0.0624430555286861,0,-2.863275664682987,0.0287182556438687,0.0779142648327357
1681856269.9927545,252,109,164,128,0.653383282332091,0.0984638082047318,2.1149033442983054,0.99623323965627,0.078830477721715,-0.0361260015243831,0.0666297617988037,-0.9625216614994634,-0.2628926130322938,-0.0456949295340119,0.0958111501072112,0.5571899620672155,-0.4381021848157077,-0.1206051251161754,-0.0195797138603588,0,-2.875395618181428,0.0361338640779509,0.0789640037935923
1681856270.029729,252,109,164,128,0.6505599344245339,0.1001062601714588,2.143870782932271,0.9958337071835144,0.0798263333697876,-0.0440792937542598,0.0663487164584137,-0.965899018327154,-0.2502737185941855,-0.0777733272935573,-0.015286022452378,0.8685912698511418,-0.320092042609035,0.0194054034565698,-0.0418799497492989,0,-2.8883781868966145,0.0440935804773783,0.0799892689269073
1681856270.0575638,252,110,164,128,0.6493622125474455,0.0972035366747294,2.1662521938219794,0.9954957134675848,0.0805043874676117,-0.0500732270392989,0.0661980874004068,-0.9683286924645124,-0.24074334170335,-0.0022745137224835,-0.1868004730744532,0.6998929736496018,-0.1480793914533727,0.0541946555314545,-0.0170496363651102,1,-2.8981494535514907,0.0500941756854778,0.0806930449494176
1681856270.0935194,252,110,165,128,0.6520788438431419,0.0856164931432871,2.183214029636107,0.9964061503559526,0.0736393432179645,-0.0418572653580923,0.0609780054669745,-0.9665940623483814,-0.2489530105905999,0.1378902179374589,-0.4306367200254046,0.2885272965906083,0.1198108209200503,0.0789948639006071,0.0360896842496523,0,-2.8897680947060125,0.0418694975399673,0.0737708309068862
1681856270.12826,252,110,165,128,0.6590747936500455,0.0668246582946307,2.186721238223909,0.9971791344452058,0.066930515871493,-0.0339717510924328,0.0560057600969505,-0.9648119385045192,-0.2569071391672774,0.2487358212454577,-0.623144666352557,-0.0393885040948273,0.304097856505988,0.1070317771027104,0.0772020658599478,0,-2.8816185629234297,0.0339782888406503,0.0670193302133437
1681856270.1628363,252,110,165,128,0.6694491880094557,0.0422026194544472,2.180060927577114,0.9978442233584746,0.0601805896726981,-0.0261763736367285,0.0511275678068046,-0.9629349893431112,-0.2648436861791183,0.3356753041749449,-0.7738365332972577,-0.2995716757158512,0.4443528912562154,0.1444364880254125,0.1148536907687422,0,-2.873456691734779,0.0261793639117817,0.0602376410622791
1681856270.1966162,252,121,165,128,0.6820653865412527,0.0138550767572812,2.166057159374369,0.9983934447687668,0.0535171967345467,-0.0186128744806312,0.0464305793974115,-0.961002135091396,-0.2726152923931444,0.3988212382643697,-0.8829087093546214,-0.4923463763154752,0.5085663370219017,0.1796380382050636,0.1389341543157062,0,-2.86543331907945,0.0186139493527792,0.0535520620074598
1681856270.2302325,252,127,164,128,0.6962725129798449,-0.0171990690278912,2.1469807846544318,0.9988412610238856,0.046819518815481,-0.011138578639184,0.0418246515078641,-0.958981685383706,-0.2803655214623812,0.4378660816321439,-0.9498404844687838,-0.6166682577434774,0.5286219894679296,0.2216845120092078,0.1578225546767607,0,-2.857399651097296,0.0111388089754509,0.0468395488268662
1681856270.2638848,252,128,164,128,0.7113711282065274,-0.0497734079556139,2.1249413167324462,0.9991908171589788,0.0400492981372698,-0.0037100706037526,0.0372828256332012,-0.9568625365718568,-0.2881389890627036,0.4537857798647936,-0.9763256364392352,-0.6754361934209747,0.498577058346566,0.269947421542385,0.1697771789232119,0,-2.8493077494549106,0.0037100791150932,0.0400602878818288
1681856270.2980933,252,128,164,128,0.7268204272101217,-0.083015997417444,2.1017788684031107,0.9994448353773172,0.0331013066126399,0.0037847771589897,0.0327375060282546,-0.9546097316256634,-0.2960549205546646,0.4458188982296927,-0.96095890422947,-0.6672293101751384,0.4141470417148676,0.3255140122523648,0.1737917377697227,0,-2.8410306725061885,-0.003784786194912,0.0331075916390391
1681856270.3321395,252,128,164,128,0.7414959459541649,-0.1148284441601156,2.080237726238086,0.9995961846541545,0.0261215419724606,0.0111862714895742,0.0282861857830664,-0.9522692725812844,-0.3039459231365956,0.4155373861119402,-0.9066539332988472,-0.594855031245751,0.2791247553951476,0.3857426248322862,0.1689248986683431,0,-2.8327408792917472,-0.0111865047973813,0.0261261485323127
1681856270.3661814,252,128,164,128,0.7546682805231159,-0.1439637009695746,2.062480466617245,0.9996462860542452,0.0190792709757442,0.0185279301862995,0.0239084306190335,-0.9498314161469744,-0.3118471866885571,0.3610803024747905,-0.8100148863773362,-0.4544532118648708,0.0914110801003049,0.4523181425713637,0.1545828365375751,0,-2.824399752992803,-0.0185289904076944,0.019083704946212
1681856270.4007995,252,128,164,128,0.76569760158623,-0.1694052792035353,2.050641013511912,0.9995934196411996,0.0118540329247313,0.0259321675421121,0.0195322062016453,-0.9472525420931888,-0.3198923481718312,0.2824959071200085,-0.6711624672935866,-0.245796349116466,-0.152443740833555,0.5264625368109648,0.1295435051281971,0,-2.815863205745007,-0.0259350748877305,0.011858298635777
1681856270.4347656,252,128,163,128,0.7733909824818751,-0.1888484489974966,2.047411606553592,0.9994398100709092,0.0047036343932153,0.0331352058831747,0.0153132883221891,-0.9446249202782236,-0.3277945441738181,0.1802514667251643,-0.4909250334439118,0.029902315484291,-0.4479542099232014,0.6071651637271744,0.093334612178703,0,-2.807433825565973,-0.0331412723025577,0.0047062360528085
1681856270.4407213,252,128,163,128,0.7743606870111275,-0.1915894043929451,2.0478713163516,0.9994024935875409,0.0034437050040909,0.0343918116250154,0.0145812290296717,-0.9441542866283776,-0.3291809089258428,0.1552733683876767,-0.4469351716532496,0.0976740436993911,-0.4877296911915529,0.6174584427141149,0.0879331192741361,1,-2.805950287836747,-0.0343985949897285,0.0034457502326799
1681856270.4773376,252,128,163,128,0.7778493505008859,-0.2040027380889515,2.057198422153784,0.9985420709459096,-0.0029578059943225,0.0538979028790002,0.0140130183130158,-0.9500607498425272,-0.3117502316381081,0.049703547812342,-0.2549220059495344,0.368531152961587,-0.6539869523532591,0.6377096437751958,0.0291221589455069,0,-2.82408050245794,-0.0539240324748211,-0.002962115898422
1681856270.511448,252,128,163,128,0.7782008370079755,-0.2100225894559684,2.0726162436094246,0.9973566223674544,-0.0085957785157094,0.0721517873062902,0.0131393583789539,-0.9552734200053328,-0.2954319723603136,-0.015645331665688,-0.1218515788615475,0.499264827702997,-0.5137257698130621,0.5455177155862393,-0.0377221762432239,0,-2.840876833791862,-0.0722145366800024,-0.0086183472412278
1681856270.5459616,252,128,163,128,0.7769859688404473,-0.2124921421295201,2.090257961443663,0.9957810645958268,-0.0139770469722434,0.0906902064742261,0.0119179146901958,-0.9602598604715468,-0.2788529427433085,-0.0452582410181893,-0.0397160684189246,0.501769951165322,-0.1006320130654436,0.3497952229903679,-0.1139733175930439,0,-2.857791452614556,-0.0908149856794442,-0.0140353433837825
1681856270.5532415,252,128,163,128,0.7766461023084312,-0.2127165602495705,2.0938184139910128,0.9954005198661104,-0.0150702155627135,0.0946081056420127,0.0116170036502275,-0.961274335472152,-0.2753483197493009,-0.047000259540645,-0.0280182117548614,0.4840756931681824,-0.0313626264159063,0.3187753204930365,-0.1238214324207334,1,-2.861349906861061,-0.0947498118484002,-0.015138694404948
1681856270.588808,252,128,163,128,0.7750286979300951,-0.2128187669941206,2.109701438146029,0.9947576164079622,-0.0101109918992513,0.1017597781108193,0.0196426832522242,-0.9576769808996232,-0.2871741026792558,-0.0421004482788377,0.018273629437535,0.4311236713195623,0.4219042550735963,0.1254716815287592,-0.1926144121494252,0,-2.848752527069326,-0.1019362228527387,-0.0101639269272174
1681856270.6230664,252,127,163,128,0.7739124152223019,-0.2112092424950559,2.125104975095032,0.994059648758852,-0.0054226654320302,0.1087014692128889,0.0274332379814657,-0.9540260784832376,-0.2984655072663306,-0.0232293821474227,0.0700744334465008,0.4781147084264063,0.5075337723073327,0.1086699812225037,-0.2206083501727571,0,-2.8366435524904183,-0.1089166851324765,-0.005455016357326
1681856270.641615,252,127,163,128,0.7736600539883953,-0.2095578465166217,2.134695552857506,0.9936495752988592,-0.0029208874784793,0.1124810647386263,0.0316752313962621,-0.9519735650641312,-0.3045373723126305,-0.0055094054238214,0.1038359973291292,0.552106058657864,0.4403450503718316,0.1528741616357422,-0.2239344915814417,1,-2.830097321655483,-0.1127196102670131,-0.0029395464336926
1681856270.6785803,252,127,163,128,0.7741278238044986,-0.2046018102047309,2.1580098586810728,0.9931704477511858,-0.0011094830436561,0.1166671794511431,0.0342717728606294,-0.9530668233649576,-0.3008140219238757,0.0278769777779945,0.1584714545042737,0.6932075013226332,0.2438774631475925,0.253970963370166,-0.2200819306766056,0,-2.8338769971973434,-0.1169334777726875,-0.0011171119566091
1681856270.712994,252,127,163,128,0.7756280960764356,-0.19836170434289,2.183797296122058,0.9927063104869868,0.0005904236525028,0.1205563458272747,0.0366763372639299,-0.9540687657237809,-0.2973342169263483,0.0554508807471626,0.1975865070321335,0.7881546640259586,0.0952062145109979,0.3014758762782704,-0.2070096122292067,0,-2.8374044349381933,-0.1208502967095801,0.00059476158925
1681856270.7482824,252,127,164,128,0.7780703219354226,-0.190820771398902,2.212849403484028,0.99221228756616,0.0023470281013235,0.124536211046505,0.0391291644497672,-0.9550802637315094,-0.2937526141500941,0.0794696094547439,0.2244506349154793,0.8449481075632568,-0.0340800006027326,0.3100724161606956,-0.1835657939212577,0,-2.841030294312762,-0.1248603895889639,0.0023654451303086
1681856270.7818873,252,127,164,128,0.7810987476017502,-0.1830075328088763,2.2416238557088564,0.9917248183555388,0.0040324892152179,0.1283184464073758,0.041452820839007,-0.9560285077310764,-0.2903293923287489,0.097864911344655,0.2370061900410204,0.8596163155774399,-0.1387461116246248,0.2779721599726922,-0.1497688120538712,0,-2.8444915493071457,-0.1286732220080453,0.0040661148305659
1681856270.8161297,252,127,163,128,0.7847415124935601,-0.1748556935870678,2.270706187782011,0.9912110416545908,0.0057625783371063,0.1321645322805259,0.0438082937633772,-0.9569796616204584,-0.2868288002316621,0.1124190909836135,0.236972337588444,0.8353875838890698,-0.2156914906747253,0.209681634482707,-0.1077851216746166,0,-2.8480269754578957,-0.1325523516738844,0.0058136089828443
1681856270.850833,252,127,163,128,0.7888549763090826,-0.1668526414120692,2.298552173556351,0.9906727962712892,0.0075289317013167,0.1360541286233604,0.0461827662553628,-0.9579280588674144,-0.2832683994650841,0.1226758082275377,0.223684489206239,0.7706285662842612,-0.2720311788382509,0.0997692181352421,-0.0540762004543536,0,-2.8516188526458977,-0.1364774074772172,0.0075996704306766
1681856270.8856113,252,127,163,128,0.7932480986097696,-0.1595576823661975,2.3234020728561804,0.990115673501584,0.0093121635263499,0.1399436911652793,0.0485494778800473,-0.958862767377592,-0.2796875784416615,0.1285020882802642,0.1969365820898474,0.6648187165315506,-0.3043509711656121,-0.0506656966064533,0.0100294325180568,0,-2.855227570016678,-0.1404045460305016,0.0094048495712294
1681856270.9196334,252,127,163,128,0.7976580306050292,-0.1535728677904799,2.343385809001041,0.9895535239629192,0.0110692141123044,0.1437403760656853,0.0508521615608973,-0.9597618756718882,-0.2761724093231684,0.1298585054763969,0.157658964438658,0.5213679632861723,-0.3124405595223153,-0.2347122932822713,0.0814635349553794,0,-2.858766704622468,-0.1442400126318146,0.0111856025862754
1681856270.9580634,252,127,163,128,0.8025881711099772,-0.1487355172062449,2.3591306268151238,0.988898172946402,0.0130688261737755,0.1480189492116031,0.0534381522443356,-0.9607592699236092,-0.2721874154705985,0.1265260398184546,0.1013358975570609,0.3244048884411255,-0.2975438403342109,-0.4581793206693543,0.1621188558482062,0,-2.862775073644056,-0.1485648550141274,0.0132147735580954
1681856270.9731936,237,127,163,128,0.8044704111689809,-0.1475221366350992,2.362942285494352,0.9886342307764292,0.0138604212478712,0.1497005225773447,0.0544518902765629,-0.9611466491109232,-0.2706143206634728,0.1230538311385967,0.0679458382914322,0.2101180229674247,-0.28171297279737,-0.5827041302104282,0.2049795894396082,1,-2.864356357673225,-0.1502653752468066,0.0140188482424328
1681856271.0091856,186,127,164,128,0.8087123878139277,-0.1465102376489326,2.3656606837187963,0.992442293050747,0.012140714156247,0.1221101880432235,0.0441394298402662,-0.9638090128985974,-0.2629142396082943,0.1129362393443498,-0.0065806068242759,-0.04104801396439,-0.2557475774650026,-0.7671373936536782,0.2670465505454891,0,-2.8734959842859555,-0.1224157045961797,0.0122325586833962
1681856271.0431376,124,127,164,128,0.8122849793465021,-0.148349231963115,2.358892676547111,0.9953271699554472,0.0102703750451803,0.0960122083118196,0.034603674737735,-0.966224367713586,-0.2553684728605447,0.0984931049903737,-0.0936158667668619,-0.3300188808529282,-0.2557685122490166,-0.7669792406825456,0.267081716442811,0,-2.88213777809047,-0.09616033587221,0.0103182258772978
